Variable,Date,Value,Unit
Electrical_Conductivity_20degC,31/01/06,4980,µS/cm
Nitrate,31/01/06,15,mg/l NO3
Phosphate,31/01/06,0,mg PO4/L
Electrical_Conductivity_20degC,18/04/06,3950,µS/cm
Nitrate,18/04/06,15,mg/l NO3
Phosphate,18/04/06,2,mg PO4/L
Electrical_Conductivity_20degC,31/01/07,9310,µS/cm
Electrical_Conductivity_20degC,05/06/07,13160,µS/cm
Electrical_Conductivity_20degC,19/07/07,12150,µS/cm
Nitrate,19/07/07,82,mg/l NO3
Phosphate,19/07/07,8.62,mg PO4/L
Electrical_Conductivity_20degC,13/11/07,11360,µS/cm
Electrical_Conductivity_20degC,19/02/08,9260,µS/cm
Nitrate,19/02/08,80,mg/l NO3
Phosphate,19/02/08,3.45,mg PO4/L
Electrical_Conductivity_20degC,11/03/08,11460,µS/cm
Electrical_Conductivity_20degC,26/11/08,12890,µS/cm
Electrical_Conductivity_20degC,23/03/09,13350,µS/cm
Electrical_Conductivity_20degC,25/03/09,11450,µS/cm
Nitrate,25/03/09,221,mg/l NO3
Phosphate,25/03/09,0.51,mg PO4/L
Electrical_Conductivity_20degC,22/07/09,10060,µS/cm
Electrical_Conductivity_20degC,12/08/09,7700,µS/cm
Electrical_Conductivity_20degC,23/09/09,7890,µS/cm
Nitrate,23/09/09,99,mg/l NO3
Phosphate,23/09/09,2.52,mg PO4/L
Electrical_Conductivity_20degC,08/10/09,8270,µS/cm
Electrical_Conductivity_20degC,02/11/09,11540,µS/cm
Nitrate,02/11/09,219,mg/l NO3
Phosphate,02/11/09,0.18,mg PO4/L
Electrical_Conductivity_20degC,18/11/09,10500,µS/cm
Electrical_Conductivity_20degC,01/12/09,9710,µS/cm
Electrical_Conductivity_20degC,12/04/10,12660,µS/cm
Nitrate,12/04/10,236,mg/l NO3
Phosphate,12/04/10,0.15,mg PO4/L
Electrical_Conductivity_20degC,12/04/10,10340,µS/cm
Nitrate,12/04/10,224,mg/l NO3
Phosphate,12/04/10,0.2,mg PO4/L
Electrical_Conductivity_20degC,26/05/10,11240,µS/cm
Nitrate,26/05/10,181,mg/l NO3
Phosphate,26/05/10,0.6,mg PO4/L
Electrical_Conductivity_20degC,28/02/11,9450,µS/cm
Nitrate,28/02/11,192,mg/l NO3
Phosphate,28/02/11,0.71,mg PO4/L
Electrical_Conductivity_20degC,08/06/11,8710,µS/cm
Nitrate,08/06/11,136,mg/l NO3
Phosphate,08/06/11,0.21,mg PO4/L
Electrical_Conductivity_20degC,16/01/12,9290,µS/cm
Nitrate,16/01/12,160,mg/l NO3
Phosphate,16/01/12,0.63,mg PO4/L
Electrical_Conductivity_20degC,14/02/12,9350,µS/cm
Nitrate,14/02/12,87,mg/l NO3
Phosphate,14/02/12,0.67,mg PO4/L
Electrical_Conductivity_20degC,14/03/12,11700,µS/cm
Nitrate,14/03/12,246,mg/l NO3
Phosphate,14/03/12,0.2,mg PO4/L
Electrical_Conductivity_20degC,12/04/12,11400,µS/cm
Nitrate,12/04/12,190,mg/l NO3
Phosphate,12/04/12,0.34,mg PO4/L
Electrical_Conductivity_20degC,10/05/12,11900,µS/cm
Nitrate,10/05/12,189,mg/l NO3
Phosphate,10/05/12,0.05,mg PO4/L
Electrical_Conductivity_20degC,06/06/12,11220,µS/cm
Nitrate,06/06/12,155,mg/l NO3
Phosphate,06/06/12,0.74,mg PO4/L
Electrical_Conductivity_20degC,06/06/12,11200,µS/cm
Nitrate,06/06/12,143,mg/l NO3
Phosphate,06/06/12,0.55,mg PO4/L
Electrical_Conductivity_20degC,03/07/12,13409,µS/cm
Nitrate,03/07/12,147,mg/l NO3
Phosphate,03/07/12,0,mg PO4/L
Electrical_Conductivity_20degC,04/07/12,12100,µS/cm
Nitrate,04/07/12,155,mg/l NO3
Phosphate,04/07/12,0.09,mg PO4/L
Electrical_Conductivity_20degC,06/08/12,9750,µS/cm
Nitrate,06/08/12,120,mg/l NO3
Phosphate,06/08/12,1.53,mg PO4/L
Electrical_Conductivity_20degC,12/09/12,11000,µS/cm
Nitrate,12/09/12,138,mg/l NO3
Phosphate,12/09/12,0,mg PO4/L
Electrical_Conductivity_20degC,17/10/12,12300,µS/cm
Nitrate,17/10/12,233,mg/l NO3
Phosphate,17/10/12,0,mg PO4/L
Nitrate,12/11/12,72.8,mg/l NO3
Phosphate,12/11/12,1.32,mg PO4/L
Electrical_Conductivity_20degC,12/11/12,6280,µS/cm
Nitrate,12/11/12,79.6,mg/l NO3
Phosphate,12/11/12,0.96,mg PO4/L
Electrical_Conductivity_20degC,19/12/12,11200,µS/cm
Nitrate,19/12/12,272,mg/l NO3
Phosphate,19/12/12,0.29,mg PO4/L
Electrical_Conductivity_20degC,12/07/13,17510,µS/cm
Nitrate,12/07/13,262,mg/l NO3
Phosphate,12/07/13,0.4,mg PO4/L
Electrical_Conductivity_20degC,24/07/13,11250,µS/cm
Nitrate,24/07/13,139,mg/l NO3
Phosphate,24/07/13,0.06,mg PO4/L
Electrical_Conductivity_20degC,25/07/13,8320,µS/cm
Nitrate,25/07/13,106,mg/l NO3
Phosphate,25/07/13,0.31,mg PO4/L
Electrical_Conductivity_20degC,21/08/13,9250,µS/cm
Nitrate,21/08/13,23,mg/l NO3
Phosphate,21/08/13,0.69,mg PO4/L
Electrical_Conductivity_20degC,18/09/13,12900,µS/cm
Nitrate,18/09/13,202,mg/l NO3
Phosphate,18/09/13,0.32,mg PO4/L
Electrical_Conductivity_20degC,31/10/13,11700,µS/cm
Nitrate,31/10/13,188,mg/l NO3
Phosphate,31/10/13,0.16,mg PO4/L
Electrical_Conductivity_20degC,25/11/13,13500,µS/cm
Nitrate,25/11/13,249,mg/l NO3
Phosphate,25/11/13,0.21,mg PO4/L
Electrical_Conductivity_20degC,15/01/14,9140,µS/cm
Nitrate,15/01/14,181,mg/l NO3
Phosphate,15/01/14,0.8,mg PO4/L
Electrical_Conductivity_20degC,12/03/14,11700,µS/cm
Nitrate,12/03/14,60.8,mg/l NO3
Phosphate,12/03/14,1,mg PO4/L
Electrical_Conductivity_20degC,13/05/14,13300,µS/cm
Nitrate,13/05/14,241,mg/l NO3
Phosphate,13/05/14,0,mg PO4/L
Electrical_Conductivity_20degC,14/07/14,14930,µS/cm
Nitrate,14/07/14,210,mg/l NO3
Phosphate,14/07/14,0.07,mg PO4/L
Electrical_Conductivity_20degC,29/09/14,9470,µS/cm
Nitrate,29/09/14,121.41,mg/l NO3
Phosphate,29/09/14,0,mg PO4/L
Electrical_Conductivity_20degC,25/11/14,17980,µS/cm
Nitrate,25/11/14,248.3,mg/l NO3
Phosphate,25/11/14,0,mg PO4/L
Electrical_Conductivity_20degC,28/01/15,16520,µS/cm
Nitrate,28/01/15,257.86,mg/l NO3
Phosphate,28/01/15,0,mg PO4/L
Electrical_Conductivity_20degC,25/03/15,10660,µS/cm
Nitrate,25/03/15,243.92,mg/l NO3
Phosphate,25/03/15,0,mg PO4/L
Electrical_Conductivity_20degC,13/05/15,13610,µS/cm
Nitrate,13/05/15,224.38,mg/l NO3
Phosphate,13/05/15,0,mg PO4/L
Electrical_Conductivity_20degC,19/05/15,12900,µS/cm
Nitrate,19/05/15,231,mg/l NO3
Phosphate,19/05/15,0.07,mg PO4/L
Electrical_Conductivity_20degC,08/07/15,16480,µS/cm
Nitrate,08/07/15,224.98,mg/l NO3
Phosphate,08/07/15,0,mg PO4/L
Electrical_Conductivity_20degC,22/09/15,12190,µS/cm
Nitrate,22/09/15,205.58,mg/l NO3
Phosphate,22/09/15,0,mg PO4/L
Electrical_Conductivity_20degC,22/10/15,11380,µS/cm
Nitrate,22/10/15,214.34,mg/l NO3
Phosphate,22/10/15,0.31,mg PO4/L
Electrical_Conductivity_20degC,16/11/15,7410,µS/cm
Nitrate,16/11/15,241.7,mg/l NO3
Phosphate,16/11/15,0.36,mg PO4/L
Electrical_Conductivity_20degC,30/11/15,13840,µS/cm
Nitrate,30/11/15,175,mg/l NO3
Phosphate,30/11/15,0,mg PO4/L
Electrical_Conductivity_20degC,15/12/15,16780,µS/cm
Nitrate,15/12/15,234,mg/l NO3
Phosphate,15/12/15,0.43,mg PO4/L
Electrical_Conductivity_20degC,19/01/16,17800,µS/cm
Nitrate,19/01/16,235,mg/l NO3
Phosphate,19/01/16,0.79,mg PO4/L
Electrical_Conductivity_20degC,01/02/16,8450,µS/cm
Electrical_Conductivity_20degC,02/02/16,8570,µS/cm
Electrical_Conductivity_20degC,15/03/16,18410,µS/cm
Nitrate,15/03/16,220,mg/l NO3
Phosphate,15/03/16,0.07,mg PO4/L
Electrical_Conductivity_20degC,17/05/16,18140,µS/cm
Nitrate,17/05/16,241,mg/l NO3
Phosphate,17/05/16,0.75,mg PO4/L
Electrical_Conductivity_20degC,15/06/16,16820,µS/cm
Nitrate,15/06/16,87,mg/l NO3
Phosphate,15/06/16,0.36,mg PO4/L
Electrical_Conductivity_20degC,14/07/16,17510,µS/cm
Nitrate,14/07/16,280,mg/l NO3
Phosphate,14/07/16,0.54,mg PO4/L
Electrical_Conductivity_20degC,08/08/16,14960,µS/cm
Phosphate,08/08/16,0.32,mg PO4/L
Electrical_Conductivity_20degC,10/04/17,11430,µS/cm
Nitrate,10/04/17,163,mg/l NO3
Phosphate,10/04/17,0,mg PO4/L
Electrical_Conductivity_20degC,25/04/17,12980,µS/cm
Nitrate,25/04/17,182,mg/l NO3
Phosphate,25/04/17,0,mg PO4/L
Electrical_Conductivity_20degC,08/05/17,12800,µS/cm
Nitrate,08/05/17,191,mg/l NO3
Phosphate,08/05/17,0.27,mg PO4/L
Electrical_Conductivity_20degC,08/05/17,12570,µS/cm
Nitrate,08/05/17,182,mg/l NO3
Phosphate,08/05/17,0,mg PO4/L
Electrical_Conductivity_20degC,24/05/17,12770,µS/cm
Nitrate,24/05/17,182,mg/l NO3
Phosphate,24/05/17,0,mg PO4/L
Electrical_Conductivity_20degC,29/05/17,13900,µS/cm
Nitrate,29/05/17,164,mg/l NO3
Phosphate,29/05/17,0.1,mg PO4/L
Electrical_Conductivity_20degC,07/06/17,14100,µS/cm
Nitrate,07/06/17,183,mg/l NO3
Phosphate,07/06/17,0,mg PO4/L
Electrical_Conductivity_20degC,23/06/17,13480,µS/cm
Electrical_Conductivity_20degC,04/07/17,13930,µS/cm
Nitrate,04/07/17,114,mg/l NO3
Phosphate,04/07/17,0.46,mg PO4/L
Electrical_Conductivity_20degC,12/07/17,12820,µS/cm
Nitrate,12/07/17,153,mg/l NO3
Phosphate,12/07/17,0.55,mg PO4/L
Electrical_Conductivity_20degC,12/07/17,17370,µS/cm
Nitrate,12/07/17,108,mg/l NO3
Phosphate,12/07/17,0,mg PO4/L
Electrical_Conductivity_20degC,20/07/17,13880,µS/cm
Nitrate,20/07/17,193,mg/l NO3
Phosphate,20/07/17,0,mg PO4/L
Electrical_Conductivity_20degC,24/07/17,14900,µS/cm
Nitrate,24/07/17,137,mg/l NO3
Phosphate,24/07/17,0.23,mg PO4/L
Electrical_Conductivity_20degC,02/08/17,12350,µS/cm
Nitrate,02/08/17,175,mg/l NO3
Phosphate,02/08/17,0,mg PO4/L
Electrical_Conductivity_20degC,17/08/17,12340,µS/cm
Nitrate,17/08/17,171,mg/l NO3
Phosphate,17/08/17,0,mg PO4/L
Electrical_Conductivity_20degC,04/09/17,10220,µS/cm
Nitrate,04/09/17,166,mg/l NO3
Phosphate,04/09/17,0.58,mg PO4/L
Electrical_Conductivity_20degC,21/09/17,10700,µS/cm
Nitrate,21/09/17,166,mg/l NO3
Phosphate,21/09/17,0,mg PO4/L
Electrical_Conductivity_20degC,05/10/17,10150,µS/cm
Nitrate,05/10/17,170,mg/l NO3
Phosphate,05/10/17,0,mg PO4/L
Electrical_Conductivity_20degC,17/10/17,11370,µS/cm
Nitrate,17/10/17,189,mg/l NO3
Phosphate,17/10/17,0,mg PO4/L
Electrical_Conductivity_20degC,23/10/17,10600,µS/cm
Nitrate,23/10/17,150,mg/l NO3
Phosphate,23/10/17,0.25,mg PO4/L
Electrical_Conductivity_20degC,26/10/17,11900,µS/cm
Nitrate,26/10/17,311,mg/l NO3
Phosphate,26/10/17,0.22,mg PO4/L
Electrical_Conductivity_20degC,27/10/17,10380,µS/cm
Nitrate,27/10/17,148,mg/l NO3
Phosphate,27/10/17,0,mg PO4/L
Electrical_Conductivity_20degC,06/11/17,8600,µS/cm
Nitrate,06/11/17,180,mg/l NO3
Phosphate,06/11/17,0.38,mg PO4/L
Electrical_Conductivity_20degC,08/11/17,11580,µS/cm
Nitrate,08/11/17,195,mg/l NO3
Phosphate,08/11/17,0,mg PO4/L
Electrical_Conductivity_20degC,23/11/17,9900,µS/cm
Nitrate,23/11/17,162,mg/l NO3
Phosphate,23/11/17,0,mg PO4/L
Nitrate,05/12/17,165,mg/l NO3
Phosphate,05/12/17,0,mg PO4/L
Nitrate,18/12/17,166,mg/l NO3
Phosphate,18/12/17,0,mg PO4/L
Electrical_Conductivity_20degC,19/12/17,16600,µS/cm
Nitrate,19/12/17,165,mg/l NO3
Phosphate,19/12/17,0,mg PO4/L
Electrical_Conductivity_20degC,03/01/18,9650,µS/cm
Nitrate,03/01/18,188,mg/l NO3
Phosphate,03/01/18,0,mg PO4/L
Nitrate,17/01/18,179,mg/l NO3
Electrical_Conductivity_20degC,02/02/18,8090,µS/cm
Nitrate,02/02/18,124,mg/l NO3
Phosphate,02/02/18,0,mg PO4/L
Electrical_Conductivity_20degC,16/02/18,8620,µS/cm
Nitrate,16/02/18,152,mg/l NO3
Phosphate,16/02/18,0,mg PO4/L
Electrical_Conductivity_20degC,19/02/18,8450,µS/cm
Nitrate,19/02/18,167,mg/l NO3
Phosphate,19/02/18,0,mg PO4/L
Electrical_Conductivity_20degC,06/03/18,9650,µS/cm
Nitrate,06/03/18,186,mg/l NO3
Phosphate,06/03/18,0,mg PO4/L
Electrical_Conductivity_20degC,16/03/18,8610,µS/cm
Nitrate,16/03/18,146,mg/l NO3
Phosphate,16/03/18,0,mg PO4/L
Electrical_Conductivity_20degC,28/03/18,10600,µS/cm
Nitrate,28/03/18,190,mg/l NO3
Phosphate,28/03/18,0,mg PO4/L
Electrical_Conductivity_20degC,11/04/18,11100,µS/cm
Nitrate,11/04/18,174,mg/l NO3
Phosphate,11/04/18,0,mg PO4/L
Electrical_Conductivity_20degC,16/04/18,9620,µS/cm
Nitrate,16/04/18,192,mg/l NO3
Phosphate,16/04/18,0,mg PO4/L
Nitrate,18/04/18,342,mg/l NO3
Phosphate,18/04/18,0,mg PO4/L
Electrical_Conductivity_20degC,26/04/18,9520,µS/cm
Nitrate,26/04/18,131,mg/l NO3
Phosphate,26/04/18,0,mg PO4/L
Nitrate,02/05/18,71.2,mg/l NO3
Phosphate,02/05/18,0,mg PO4/L
Electrical_Conductivity_20degC,08/05/18,8970,µS/cm
Nitrate,08/05/18,112,mg/l NO3
Phosphate,08/05/18,0,mg PO4/l
Electrical_Conductivity_20degC,11/05/18,8720,µS/cm
Nitrate,11/05/18,115,mg/l NO3
Phosphate,11/05/18,0,mg PO4/L
Electrical_Conductivity_20degC,28/05/18,8820,µS/cm
Nitrate,28/05/18,112,mg/l NO3
Phosphate,28/05/18,0,mg PO4/L
Electrical_Conductivity_20degC,11/06/18,8190,µS/cm
Nitrate,11/06/18,98,mg/l NO3
Phosphate,11/06/18,0,mg PO4/L
Electrical_Conductivity_20degC,12/06/18,9260,µS/cm
Nitrate,12/06/18,110,mg/l NO3
Phosphate,12/06/18,0,mg PO4/l
Electrical_Conductivity_20degC,25/06/18,13030,µS/cm
Nitrate,25/06/18,218,mg/l NO3
Phosphate,25/06/18,1.32,mg PO4/L
Electrical_Conductivity_20degC,09/07/18,9020,µS/cm
Nitrate,09/07/18,94.8,mg/l NO3
Phosphate,09/07/18,0,mg PO4/L
Electrical_Conductivity_20degC,17/07/18,9270,µS/cm
Nitrate,17/07/18,88,mg/l NO3
Phosphate,17/07/18,0,mg PO4/l
Electrical_Conductivity_20degC,23/07/18,8860,µS/cm
Nitrate,23/07/18,92,mg/l NO3
Phosphate,23/07/18,0,mg PO4/L
Electrical_Conductivity_20degC,06/08/18,8860,µS/cm
Nitrate,06/08/18,97.2,mg/l NO3
Phosphate,06/08/18,0,mg PO4/L
Electrical_Conductivity_20degC,16/08/18,10680,µS/cm
Nitrate,16/08/18,157,mg/l NO3
Phosphate,16/08/18,0.08,mg PO4/l
Electrical_Conductivity_20degC,20/08/18,9470,µS/cm
Nitrate,20/08/18,154,mg/l NO3
Phosphate,20/08/18,0,mg PO4/L
Electrical_Conductivity_20degC,03/09/18,8760,µS/cm
Nitrate,03/09/18,114,mg/l NO3
Phosphate,03/09/18,0,mg PO4/L
Electrical_Conductivity_20degC,12/09/18,6330,µS/cm
Nitrate,12/09/18,86,mg/l NO3
Phosphate,12/09/18,0.21,mg PO4/l
Electrical_Conductivity_20degC,17/09/18,6330,µS/cm
Nitrate,17/09/18,90,mg/l NO3
Phosphate,17/09/18,1.13,mg PO4/L
Electrical_Conductivity_20degC,01/10/18,7790,µS/cm
Nitrate,01/10/18,120,mg/l NO3
Phosphate,01/10/18,0,mg PO4/L
Electrical_Conductivity_20degC,15/10/18,3710,µS/cm
Nitrate,15/10/18,47.2,mg/l NO3
Phosphate,15/10/18,1.17,mg PO4/L
Electrical_Conductivity_20degC,29/10/18,8020,µS/cm
Nitrate,29/10/18,152,mg/l NO3
Phosphate,29/10/18,0,mg PO4/L
Electrical_Conductivity_20degC,29/10/18,10332,µS/cm
Nitrate,29/10/18,170,mg/l NO3
Phosphate,29/10/18,0.09,mg PO4/l
Electrical_Conductivity_20degC,08/11/18,9720,µS/cm
Nitrate,08/11/18,164,mg/l NO3
Phosphate,08/11/18,0.18,mg PO4/l
Electrical_Conductivity_20degC,12/11/18,8260,µS/cm
Nitrate,12/11/18,187,mg/l NO3
Phosphate,12/11/18,0,mg PO4/L
Electrical_Conductivity_20degC,26/11/18,6640,µS/cm
Nitrate,26/11/18,127,mg/l NO3
Phosphate,26/11/18,0.86,mg PO4/L
Electrical_Conductivity_20degC,12/12/18,7800,µS/cm
Nitrate,12/12/18,133,mg/l NO3
Phosphate,12/12/18,0,mg PO4/L
Electrical_Conductivity_20degC,21/12/18,8030,µS/cm
Nitrate,21/12/18,93,mg/l NO3
Phosphate,21/12/18,0.04,mg PO4/l
Electrical_Conductivity_20degC,26/12/18,7940,µS/cm
Nitrate,26/12/18,149,mg/l NO3
Phosphate,26/12/18,0,mg PO4/L
Electrical_Conductivity_20degC,09/01/19,7790,µS/cm
Nitrate,09/01/19,147,mg/l NO3
Phosphate,09/01/19,0,mg PO4/L
Electrical_Conductivity_20degC,17/01/19,9020,µS/cm
Nitrate,17/01/19,136,mg/l NO3
Phosphate,17/01/19,0.05,mg PO4/L
Electrical_Conductivity_20degC,21/01/19,7480,µS/cm
Nitrate,21/01/19,137,mg/l NO3
Phosphate,21/01/19,0,mg PO4/L
Electrical_Conductivity_20degC,24/01/19,6190,µS/cm
Nitrate,24/01/19,162,mg/l NO3
Electrical_Conductivity_20degC,29/01/19,6500,µS/cm
Nitrate,29/01/19,146,mg/l NO3
Electrical_Conductivity_20degC,05/02/19,9530,µS/cm
Nitrate,05/02/19,158,mg/l NO3
Electrical_Conductivity_20degC,18/02/19,8580,µS/cm
Nitrate,18/02/19,116,mg/l NO3
Electrical_Conductivity_20degC,18/02/19,9330,µS/cm
Nitrate,18/02/19,193,mg/l NO3
Phosphate,18/02/19,0.06,mg PO4/L
Electrical_Conductivity_20degC,04/03/19,8310,µS/cm
Phosphate,04/03/19,0,mg PO4/L
Electrical_Conductivity_20degC,18/03/19,8916,µS/cm
Nitrate,18/03/19,174,mg/l NO3
Phosphate,18/03/19,0,mg PO4/L
Electrical_Conductivity_20degC,20/03/19,8340,µS/cm
Nitrate,20/03/19,146,mg/l NO3
Phosphate,20/03/19,0,mg PO4/L
Electrical_Conductivity_20degC,01/04/19,5220,µS/cm
Nitrate,01/04/19,83,mg/l NO3
Phosphate,01/04/19,0,mg PO4/L
Electrical_Conductivity_20degC,09/04/19,6378,µS/cm
Nitrate,09/04/19,58,mg/l NO3
Phosphate,09/04/19,0.04,mg PO4/L
Electrical_Conductivity_20degC,15/04/19,7340,µS/cm
Nitrate,15/04/19,128,mg/l NO3
Phosphate,15/04/19,0,mg PO4/L
Electrical_Conductivity_20degC,29/04/19,7180,µS/cm
Nitrate,29/04/19,161,mg/l NO3
Phosphate,29/04/19,0,mg PO4/L
Nitrate,03/05/19,171,mg/l NO3
Phosphate,03/05/19,0,mg PO4/L
Electrical_Conductivity_20degC,13/05/19,7000,µS/cm
Nitrate,13/05/19,148,mg/l NO3
Phosphate,13/05/19,0,mg PO4/L
Electrical_Conductivity_20degC,21/05/19,7920,µS/cm
Nitrate,21/05/19,162,mg/l NO3
Phosphate,21/05/19,0,mg PO4/L
Electrical_Conductivity_20degC,27/05/19,7440,µS/cm
Nitrate,27/05/19,160,mg/l NO3
Phosphate,27/05/19,0,mg PO4/L
Electrical_Conductivity_20degC,12/06/19,7550,µS/cm
Nitrate,12/06/19,143.2,mg/l NO3
Phosphate,12/06/19,0,mg PO4/L
Electrical_Conductivity_20degC,13/06/19,8460,µS/cm
Nitrate,13/06/19,121,mg/l NO3
Phosphate,13/06/19,0,mg PO4/L
Electrical_Conductivity_20degC,24/06/19,7340,µS/cm
Nitrate,24/06/19,125,mg/l NO3
Phosphate,24/06/19,0,mg PO4/L
Electrical_Conductivity_20degC,08/07/19,7290,µS/cm
Nitrate,08/07/19,135,mg/l NO3
Phosphate,08/07/19,0,mg PO4/L
Electrical_Conductivity_20degC,11/07/19,7928,µS/cm
Nitrate,11/07/19,128,mg/l NO3
Phosphate,11/07/19,0,mg PO4/L
Electrical_Conductivity_20degC,22/07/19,7260,µS/cm
Nitrate,22/07/19,140,mg/l NO3
Phosphate,22/07/19,0,mg PO4/L
Electrical_Conductivity_20degC,05/08/19,7270,µS/cm
Nitrate,05/08/19,132,mg/l NO3
Phosphate,05/08/19,0,mg PO4/L
Electrical_Conductivity_20degC,08/08/19,7946,µS/cm
Nitrate,08/08/19,108,mg/l NO3
Phosphate,08/08/19,0.1,mg PO4/L
Electrical_Conductivity_20degC,19/08/19,7310,µS/cm
Nitrate,19/08/19,103,mg/l NO3
Phosphate,19/08/19,0,mg PO4/L
Electrical_Conductivity_20degC,02/09/19,7170,µS/cm
Nitrate,02/09/19,79.2,mg/l NO3
Phosphate,02/09/19,0,mg PO4/L
Electrical_Conductivity_20degC,05/09/19,8120,µS/cm
Nitrate,05/09/19,95,mg/l NO3
Phosphate,05/09/19,0.12,mg PO4/L
Electrical_Conductivity_20degC,02/10/19,6690,µS/cm
Nitrate,02/10/19,97.4,mg/l NO3
Phosphate,02/10/19,0,mg PO4/L
Nitrate,13/10/19,156,mg/l NO3
Phosphate,13/10/19,0,mg PO4/L
Electrical_Conductivity_20degC,15/10/19,7120,µS/cm
Nitrate,15/10/19,150,mg/l NO3
Phosphate,15/10/19,0,mg PO4/L
Electrical_Conductivity_20degC,24/10/19,6500,µS/cm
Nitrate,24/10/19,117,mg/l NO3
Phosphate,24/10/19,0.06,mg PO4/L
Electrical_Conductivity_20degC,30/10/19,6950,µS/cm
Nitrate,30/10/19,152,mg/l NO3
Phosphate,30/10/19,0,mg PO4/L
Electrical_Conductivity_20degC,07/11/19,6610,µS/cm
Nitrate,07/11/19,141,mg/l NO3
Phosphate,07/11/19,0,mg PO4/L
Electrical_Conductivity_20degC,09/11/19,7020,µS/cm
Nitrate,09/11/19,180,mg/l NO3
Phosphate,09/11/19,0,mg PO4/L
Electrical_Conductivity_20degC,11/11/19,7340,µS/cm
Nitrate,11/11/19,176,mg/l NO3
Phosphate,11/11/19,0,mg PO4/L
Electrical_Conductivity_20degC,14/11/19,8750,µS/cm
Nitrate,14/11/19,202,mg/l NO3
Phosphate,14/11/19,0,mg PO4/L
Electrical_Conductivity_20degC,25/11/19,6850,µS/cm
Nitrate,25/11/19,164,mg/l NO3
Phosphate,25/11/19,0,mg PO4/L
Nitrate,27/11/19,158,mg/l NO3
Phosphate,27/11/19,0,mg PO4/L
Electrical_Conductivity_20degC,19/12/19,6953,µS/cm
Nitrate,19/12/19,165.82,mg/l NO3
Phosphate,19/12/19,0.13,mg PO4/L
Electrical_Conductivity_20degC,26/12/19,6120,µS/cm
Nitrate,26/12/19,152,mg/l NO3
Phosphate,26/12/19,0,mg PO4/L
Electrical_Conductivity_20degC,07/01/20,7040,µS/cm
Nitrate,07/01/20,177,mg/l NO3
Phosphate,07/01/20,0,mg PO4/L
Electrical_Conductivity_20degC,20/01/20,2098,µS/cm
Nitrate,20/01/20,34.74,mg/l NO3
Phosphate,20/01/20,0.61,mg PO4/L
Electrical_Conductivity_20degC,24/01/20,6190,µS/cm
Nitrate,24/01/20,162,mg/l NO3
Phosphate,24/01/20,0,mg PO4/L
Electrical_Conductivity_20degC,03/02/20,6980,µS/cm
Nitrate,03/02/20,169,mg/l NO3
Phosphate,03/02/20,0,mg PO4/L
Electrical_Conductivity_20degC,17/02/20,6900,µS/cm
Nitrate,17/02/20,170,mg/l NO3
Phosphate,17/02/20,0,mg PO4/L
Electrical_Conductivity_20degC,27/02/20,6868,µS/cm
Nitrate,27/02/20,171,mg/l NO3
Phosphate,27/02/20,0,mg PO4/L
Electrical_Conductivity_20degC,04/03/20,7280,µS/cm
Nitrate,04/03/20,171,mg/l NO3
Phosphate,04/03/20,0,mg PO4/L
Electrical_Conductivity_20degC,12/03/20,6733,µS/cm
Nitrate,12/03/20,130,mg/l NO3
Phosphate,12/03/20,0.08,mg PO4/L
Electrical_Conductivity_20degC,01/04/20,6050,µS/cm
Nitrate,01/04/20,142,mg/l NO3
Phosphate,01/04/20,0.8,mg PO4/L
Electrical_Conductivity_20degC,16/04/20,5740,µS/cm
Nitrate,16/04/20,107,mg/l NO3
Phosphate,16/04/20,0.64,mg PO4/L
Electrical_Conductivity_20degC,17/04/20,6503,µS/cm
Nitrate,17/04/20,101,mg/l NO3
Phosphate,17/04/20,0.08,mg PO4/L
Electrical_Conductivity_20degC,27/04/20,6640,µS/cm
Nitrate,27/04/20,149,mg/l NO3
Phosphate,27/04/20,0,mg PO4/L
Electrical_Conductivity_20degC,08/05/20,6310,µS/cm
Nitrate,08/05/20,129,mg/l NO3
Phosphate,08/05/20,0,mg PO4/L
Electrical_Conductivity_20degC,15/05/20,4040,µS/cm
Nitrate,15/05/20,89.4,mg/l NO3
Phosphate,15/05/20,0.49,mg PO4/L
Electrical_Conductivity_20degC,27/05/20,6070,µS/cm
Nitrate,27/05/20,120,mg/l NO3
Phosphate,27/05/20,0.71,mg PO4/L
Electrical_Conductivity_20degC,10/06/20,5279,µS/cm
Nitrate,10/06/20,124,mg/l NO3
Phosphate,10/06/20,0.25,mg PO4/L
Electrical_Conductivity_20degC,10/06/20,5760,µS/cm
Nitrate,10/06/20,125,mg/l NO3
Phosphate,10/06/20,0,mg PO4/L
Electrical_Conductivity_20degC,22/06/20,6410,µS/cm
Nitrate,22/06/20,109,mg/l NO3
Phosphate,22/06/20,0.46,mg PO4/L
Electrical_Conductivity_20degC,06/07/20,6870,µS/cm
Nitrate,06/07/20,155,mg/l NO3
Phosphate,06/07/20,0,mg PO4/L
Electrical_Conductivity_20degC,15/07/20,7070,µS/cm
Nitrate,15/07/20,183,mg/l NO3
Phosphate,15/07/20,0,mg PO4/L
Electrical_Conductivity_20degC,20/07/20,7570,µS/cm
Nitrate,20/07/20,169,mg/l NO3
Phosphate,20/07/20,0.52,mg PO4/L
Electrical_Conductivity_20degC,04/08/20,6630,µS/cm
Nitrate,04/08/20,153,mg/l NO3
Phosphate,04/08/20,0.43,mg PO4/L
Electrical_Conductivity_20degC,13/08/20,7011,µS/cm
Nitrate,13/08/20,144.4,mg/l NO3
Phosphate,13/08/20,0.13,mg PO4/L
Electrical_Conductivity_20degC,19/08/20,7040,µS/cm
Nitrate,19/08/20,136,mg/l NO3
Phosphate,19/08/20,0,mg PO4/L
Electrical_Conductivity_20degC,01/09/20,6470,µS/cm
Nitrate,01/09/20,115,mg/l NO3
Phosphate,01/09/20,0,mg PO4/L
Electrical_Conductivity_20degC,02/09/20,7243,µS/cm
Nitrate,02/09/20,161,mg/l NO3
Phosphate,02/09/20,0.09,mg PO4/L
Electrical_Conductivity_20degC,14/09/20,6950,µS/cm
Nitrate,14/09/20,149,mg/l NO3
Phosphate,14/09/20,0,mg PO4/L
Electrical_Conductivity_20degC,28/09/20,7720,µS/cm
Nitrate,28/09/20,243,mg/l NO3
Phosphate,28/09/20,0,mg PO4/L
Electrical_Conductivity_20degC,14/10/20,7140,µS/cm
Nitrate,14/10/20,163,mg/l NO3
Phosphate,14/10/20,0,mg PO4/L
Electrical_Conductivity_20degC,21/10/20,7033,µS/cm
Nitrate,21/10/20,90,mg/l NO3
Phosphate,21/10/20,0.17,mg PO4/L
Electrical_Conductivity_20degC,26/10/20,11980,µS/cm
Phosphate,26/10/20,0,mg PO4/L
Electrical_Conductivity_20degC,09/11/20,7590,µS/cm
Nitrate,09/11/20,185,mg/l NO3
Phosphate,09/11/20,0,mg PO4/L
Nitrate,09/11/20,195,mg/l NO3
Nitrate,13/11/20,40.9,mg/l NO3
Phosphate,13/11/20,0,mg PO4/L
Electrical_Conductivity_20degC,23/11/20,7780,µS/cm
Nitrate,23/11/20,226,mg/l NO3
Phosphate,23/11/20,0,mg PO4/L
Electrical_Conductivity_20degC,09/12/20,7880,µS/cm
Nitrate,09/12/20,224,mg/l NO3
Electrical_Conductivity_20degC,17/12/20,7494,µS/cm
Nitrate,17/12/20,189,mg/l NO3
Phosphate,17/12/20,0,mg PO4/L
Electrical_Conductivity_20degC,22/12/20,7250,µS/cm
Nitrate,22/12/20,179,mg/l NO3
Phosphate,22/12/20,0,mg PO4/L
Nitrate,05/01/21,199,mg/l NO3
Phosphate,05/01/21,0,mg PO4/L
Electrical_Conductivity_20degC,18/01/21,7240,µS/cm
Nitrate,18/01/21,203,mg/l NO3
Phosphate,18/01/21,0,mg PO4/L
Electrical_Conductivity_20degC,21/01/21,3069,µS/cm
Nitrate,21/01/21,190,mg/l NO3
Phosphate,21/01/21,0,mg PO4/L
Electrical_Conductivity_20degC,01/02/21,7210,µS/cm
Nitrate,01/02/21,192,mg/l NO3
Phosphate,01/02/21,0,mg PO4/L
Electrical_Conductivity_20degC,10/02/21,7269,µS/cm
Nitrate,10/02/21,252,mg/l NO3
Phosphate,10/02/21,0,mg PO4/L
Electrical_Conductivity_20degC,18/02/21,7440,µS/cm
Nitrate,18/02/21,197,mg/l NO3
Phosphate,18/02/21,0,mg PO4/L
Electrical_Conductivity_20degC,01/03/21,7090,µS/cm
Nitrate,01/03/21,184,mg/l NO3
Phosphate,01/03/21,0,mg PO4/L
Nitrate,09/03/21,23.5,mg/l NO3
Phosphate,09/03/21,0,mg PO4/L
Electrical_Conductivity_20degC,15/03/21,6810,µS/cm
Nitrate,15/03/21,187,mg/l NO3
Phosphate,15/03/21,0,mg PO4/L
Electrical_Conductivity_20degC,29/03/21,7260,µS/cm
Nitrate,29/03/21,258,mg/l NO3
Phosphate,29/03/21,0.08,mg PO4/L
Electrical_Conductivity_20degC,30/03/21,7410,µS/cm
Nitrate,30/03/21,212,mg/l NO3
Phosphate,30/03/21,0,mg PO4/L
Electrical_Conductivity_20degC,12/04/21,6490,µS/cm
Nitrate,12/04/21,146,mg/l NO3
Phosphate,12/04/21,0,mg PO4/L
Electrical_Conductivity_20degC,15/04/21,7400,µS/cm
Nitrate,15/04/21,52,mg/l NO3
Phosphate,15/04/21,0.1,mg PO4/L
Electrical_Conductivity_20degC,26/04/21,6530,µS/cm
Nitrate,26/04/21,158,mg/l NO3
Phosphate,26/04/21,0,mg PO4/L
Electrical_Conductivity_20degC,10/05/21,7120,µS/cm
Nitrate,10/05/21,176,mg/l NO3
Phosphate,10/05/21,0,mg PO4/L
Electrical_Conductivity_20degC,17/05/21,7300,µS/cm
Nitrate,17/05/21,194,mg/l NO3
Phosphate,17/05/21,0,mg PO4/L
Electrical_Conductivity_20degC,19/05/21,7050,µS/cm
Nitrate,19/05/21,96,mg/l NO3
Phosphate,19/05/21,0.1,mg PO4/L
Electrical_Conductivity_20degC,24/05/21,605,µS/cm
Nitrate,24/05/21,14.2,mg/l NO3
Phosphate,24/05/21,0.8,mg PO4/L
Electrical_Conductivity_20degC,01/06/21,7050,µS/cm
Nitrate,01/06/21,208,mg/l NO3
Phosphate,01/06/21,0.27,mg PO4/L
Electrical_Conductivity_20degC,07/06/21,7210,µS/cm
Nitrate,07/06/21,217,mg/l NO3
Phosphate,07/06/21,0,mg PO4/L
Electrical_Conductivity_20degC,05/07/21,6630,µS/cm
Nitrate,05/07/21,139,mg/l NO3
Phosphate,05/07/21,1.9,mg PO4/L
Electrical_Conductivity_20degC,10/08/21,7190,µS/cm
Nitrate,10/08/21,165,mg/l NO3
Phosphate,10/08/21,0,mg PO4/L
Nitrate,16/08/21,172,mg/l NO3
Phosphate,16/08/21,0,mg PO4/L
Electrical_Conductivity_20degC,18/08/21,6170,µS/cm
Nitrate,18/08/21,147,mg/l NO3
Phosphate,18/08/21,1.3,mg PO4/L
Electrical_Conductivity_20degC,13/09/21,7030,µS/cm
Nitrate,13/09/21,156,mg/l NO3
Phosphate,13/09/21,0,mg PO4/L
Nitrate,20/09/21,174,mg/l NO3
Electrical_Conductivity_20degC,21/09/21,572,µS/cm
Nitrate,21/09/21,25,mg/l NO3
Phosphate,21/09/21,0.58,mg PO4/L
Electrical_Conductivity_20degC,13/10/21,6830,µS/cm
Nitrate,13/10/21,171,mg/l NO3
Electrical_Conductivity_20degC,27/10/21,1860,µS/cm
Nitrate,27/10/21,27,mg/l NO3
Phosphate,27/10/21,0.54,mg PO4/L
Electrical_Conductivity_20degC,08/11/21,5720,µS/cm
Nitrate,08/11/21,139,mg/l NO3
Phosphate,08/11/21,1.35,mg PO4/L
Electrical_Conductivity_20degC,19/11/21,3060,µS/cm
Nitrate,19/11/21,58.2,mg/l NO3
Phosphate,19/11/21,0.8,mg PO4/L
Nitrate,21/11/21,14.4,mg/l NO3
Phosphate,21/11/21,0.92,mg PO4/L
Electrical_Conductivity_20degC,23/11/21,6390,µS/cm
Nitrate,23/11/21,282,mg/l NO3
Phosphate,23/11/21,0.3,mg PO4/L
Electrical_Conductivity_20degC,17/12/21,6650,µS/cm
Nitrate,17/12/21,166,mg/l NO3
Phosphate,17/12/21,0.57,mg PO4/L
Electrical_Conductivity_20degC,12/01/22,6747,µS/cm
Nitrate,12/01/22,332,mg/l NO3
Phosphate,12/01/22,0.47,mg PO4/L
Electrical_Conductivity_20degC,02/02/22,6526,µS/cm
Nitrate,02/02/22,184,mg/l NO3
Phosphate,02/02/22,0.46,mg PO4/L
Nitrate,10/02/22,247,mg/l NO3
Electrical_Conductivity_20degC,22/02/22,8580,µS/cm
Nitrate,22/02/22,234,mg/l NO3
Phosphate,22/02/22,0,mg PO4/L
Nitrate,04/03/22,217,mg/l NO3
Phosphate,04/03/22,0,mg PO4/L
Nitrate,07/03/22,51.7,mg/l NO3
Phosphate,07/03/22,0.7,mg PO4/L
Nitrate,17/03/22,31.7,mg/l NO3
Phosphate,17/03/22,1.2,mg PO4/L
Nitrate,21/03/22,132,mg/l NO3
Phosphate,21/03/22,0.58,mg PO4/L
Electrical_Conductivity_20degC,23/03/22,5407,µS/cm
Nitrate,23/03/22,127,mg/l NO3
Phosphate,23/03/22,0.56,mg PO4/L
Nitrate,23/03/22,86.2,mg/l NO3
Phosphate,23/03/22,1.13,mg PO4/L
Nitrate,25/03/22,98.8,mg/l NO3
Phosphate,25/03/22,0.98,mg PO4/L
Nitrate,30/03/22,102,mg/l NO3
Phosphate,30/03/22,0.95,mg PO4/L
Nitrate,04/04/22,119,mg/l NO3
Phosphate,04/04/22,1.01,mg PO4/L
Nitrate,05/04/22,95.8,mg/l NO3
Phosphate,05/04/22,1.01,mg PO4/L
Electrical_Conductivity_20degC,06/04/22,2134,µS/cm
Nitrate,06/04/22,50.3,mg/l NO3
Phosphate,06/04/22,0.91,mg PO4/L
Electrical_Conductivity_20degC,07/04/22,5050,µS/cm
Nitrate,07/04/22,114,mg/l NO3
Phosphate,07/04/22,0.86,mg PO4/L
Electrical_Conductivity_20degC,11/04/22,5990,µS/cm
Nitrate,11/04/22,120,mg/l NO3
Phosphate,11/04/22,0.74,mg PO4/L
Electrical_Conductivity_20degC,13/04/22,6070,µS/cm
Nitrate,13/04/22,90.6,mg/l NO3
Phosphate,13/04/22,1.04,mg PO4/L
Electrical_Conductivity_20degC,18/04/22,6290,µS/cm
Nitrate,18/04/22,113,mg/l NO3
Phosphate,18/04/22,1.04,mg PO4/L
Electrical_Conductivity_20degC,20/04/22,6240,µS/cm
Nitrate,20/04/22,112,mg/l NO3
Phosphate,20/04/22,1,mg PO4/L
Nitrate,20/04/22,94.1,mg/l NO3
Phosphate,20/04/22,1,mg PO4/L
Electrical_Conductivity_20degC,25/04/22,6070,µS/cm
Nitrate,25/04/22,107,mg/l NO3
Phosphate,25/04/22,1,mg PO4/L
Electrical_Conductivity_20degC,27/04/22,6240,µS/cm
Nitrate,27/04/22,117,mg/l NO3
Phosphate,27/04/22,1,mg PO4/L
Nitrate,28/04/22,106,mg/l NO3
Phosphate,28/04/22,1,mg PO4/L
Electrical_Conductivity_20degC,03/05/22,5970,µS/cm
Nitrate,03/05/22,103,mg/l NO3
Phosphate,03/05/22,1.1,mg PO4/L
Electrical_Conductivity_20degC,06/05/22,5290,µS/cm
Nitrate,06/05/22,58.2,mg/l NO3
Phosphate,06/05/22,1.1,mg PO4/L
Electrical_Conductivity_20degC,09/05/22,5880,µS/cm
Nitrate,09/05/22,96.4,mg/l NO3
Phosphate,09/05/22,1.1,mg PO4/L
Electrical_Conductivity_20degC,11/05/22,6080,µS/cm
Nitrate,11/05/22,98.8,mg/l NO3
Phosphate,11/05/22,1.2,mg PO4/L
Electrical_Conductivity_20degC,16/05/22,6040,µS/cm
Nitrate,16/05/22,97.6,mg/l NO3
Phosphate,16/05/22,0.7,mg PO4/L
Electrical_Conductivity_20degC,18/05/22,6360,µS/cm
Nitrate,18/05/22,131,mg/l NO3
Phosphate,18/05/22,0.7,mg PO4/L
Electrical_Conductivity_20degC,23/05/22,6400,µS/cm
Nitrate,23/05/22,146,mg/l NO3
Phosphate,23/05/22,0.8,mg PO4/L
Electrical_Conductivity_20degC,25/05/22,6500,µS/cm
Nitrate,25/05/22,154,mg/l NO3
Phosphate,25/05/22,0.7,mg PO4/L
Electrical_Conductivity_20degC,26/05/22,7041,µS/cm
Nitrate,26/05/22,145.1,mg/l NO3
Phosphate,26/05/22,0.51,mg PO4/L
Electrical_Conductivity_20degC,30/05/22,6300,µS/cm
Nitrate,30/05/22,140,mg/l NO3
Phosphate,30/05/22,0.9,mg PO4/L
Electrical_Conductivity_20degC,01/06/22,6400,µS/cm
Nitrate,01/06/22,146,mg/l NO3
Phosphate,01/06/22,0.8,mg PO4/L
Electrical_Conductivity_20degC,03/06/22,6980,µS/cm
Nitrate,03/06/22,168,mg/l NO3
Phosphate,03/06/22,0,mg PO4/L
Electrical_Conductivity_20degC,06/06/22,6530,µS/cm
Nitrate,06/06/22,156,mg/l NO3
Phosphate,06/06/22,0.9,mg PO4/L
Electrical_Conductivity_20degC,08/06/22,6470,µS/cm
Nitrate,08/06/22,140,mg/l NO3
Phosphate,08/06/22,0.8,mg PO4/L
Electrical_Conductivity_20degC,13/06/22,6340,µS/cm
Nitrate,13/06/22,135,mg/l NO3
Phosphate,13/06/22,0.9,mg PO4/L
Electrical_Conductivity_20degC,15/06/22,6420,µS/cm
Nitrate,15/06/22,135,mg/l NO3
Phosphate,15/06/22,0.9,mg PO4/L
Electrical_Conductivity_20degC,20/06/22,6320,µS/cm
Nitrate,20/06/22,138,mg/l NO3
Phosphate,20/06/22,1.6,mg PO4/L
Electrical_Conductivity_20degC,22/06/22,6350,µS/cm
Nitrate,22/06/22,141,mg/l NO3
Phosphate,22/06/22,1.7,mg PO4/L
Electrical_Conductivity_20degC,27/06/22,6240,µS/cm
Nitrate,27/06/22,127,mg/l NO3
Phosphate,27/06/22,1.4,mg PO4/L
Electrical_Conductivity_20degC,27/06/22,6160,µS/cm
Nitrate,27/06/22,129.9,mg/l NO3
Phosphate,27/06/22,1.1,mg PO4/L
Electrical_Conductivity_20degC,29/06/22,6280,µS/cm
Nitrate,29/06/22,123,mg/l NO3
Phosphate,29/06/22,1.2,mg PO4/L
Electrical_Conductivity_20degC,04/07/22,5960,µS/cm
Nitrate,04/07/22,81.8,mg/l NO3
Phosphate,04/07/22,1.9,mg PO4/L
Electrical_Conductivity_20degC,05/07/22,4120,µS/cm
Nitrate,05/07/22,94.7,mg/l NO3
Phosphate,05/07/22,0,mg PO4/L
Electrical_Conductivity_20degC,11/07/22,6110,µS/cm
Nitrate,11/07/22,66.8,mg/l NO3
Phosphate,11/07/22,2.9,mg PO4/L
Electrical_Conductivity_20degC,13/07/22,5930,µS/cm
Nitrate,13/07/22,71.2,mg/l NO3
Nitrate,13/07/22,88,mg/l NO3
Phosphate,13/07/22,0,mg PO4/L
Phosphate,13/07/22,1.9,mg PO4/L
Electrical_Conductivity_20degC,18/07/22,6720,µS/cm
Nitrate,18/07/22,141,mg/l NO3
Phosphate,18/07/22,0.5,mg PO4/L
Electrical_Conductivity_20degC,20/07/22,6230,µS/cm
Nitrate,20/07/22,117.7,mg/l NO3
Phosphate,20/07/22,0,mg PO4/L
Electrical_Conductivity_20degC,25/07/22,6910,µS/cm
Nitrate,25/07/22,156,mg/l NO3
Phosphate,25/07/22,0.5,mg PO4/L
Electrical_Conductivity_20degC,27/07/22,5820,µS/cm
Nitrate,27/07/22,112.3,mg/l NO3
Phosphate,27/07/22,0.39,mg PO4/L
Electrical_Conductivity_20degC,01/08/22,5571,µS/cm
Nitrate,01/08/22,47.9,mg/l NO3
Phosphate,01/08/22,0,mg PO4/L
Electrical_Conductivity_20degC,02/08/22,6340,µS/cm
Nitrate,02/08/22,118,mg/l NO3
Phosphate,02/08/22,0.4,mg PO4/L
Electrical_Conductivity_20degC,08/08/22,6470,µS/cm
Nitrate,08/08/22,136,mg/l NO3
Phosphate,08/08/22,0.4,mg PO4/L
Electrical_Conductivity_20degC,08/08/22,6050,µS/cm
Nitrate,08/08/22,134,mg/l NO3
Phosphate,08/08/22,0,mg PO4/L
Electrical_Conductivity_20degC,16/08/22,6240,µS/cm
Nitrate,16/08/22,125,mg/l NO3
Phosphate,16/08/22,0.4,mg PO4/L
Electrical_Conductivity_20degC,16/08/22,6080,µS/cm
Nitrate,16/08/22,123.1,mg/l NO3
Phosphate,16/08/22,0,mg PO4/L
Electrical_Conductivity_20degC,22/08/22,6210,µS/cm
Nitrate,22/08/22,133,mg/l NO3
Phosphate,22/08/22,0,mg PO4/L
Electrical_Conductivity_20degC,24/08/22,6050,µS/cm
Nitrate,24/08/22,107.9,mg/l NO3
Phosphate,24/08/22,0,mg PO4/L
Electrical_Conductivity_20degC,29/08/22,5860,µS/cm
Nitrate,29/08/22,123,mg/l NO3
Phosphate,29/08/22,0.5,mg PO4/L
Electrical_Conductivity_20degC,05/09/22,6010,µS/cm
Nitrate,05/09/22,122,mg/l NO3
Phosphate,05/09/22,0.4,mg PO4/L
Electrical_Conductivity_20degC,08/09/22,6311,µS/cm
Nitrate,08/09/22,127.4,mg/l NO3
Phosphate,08/09/22,0,mg PO4/L
Electrical_Conductivity_20degC,12/09/22,5920,µS/cm
Nitrate,12/09/22,121,mg/l NO3
Phosphate,12/09/22,0.4,mg PO4/L
Electrical_Conductivity_20degC,13/09/22,5820,µS/cm
Nitrate,13/09/22,108.8,mg/l NO3
Phosphate,13/09/22,0,mg PO4/L
Electrical_Conductivity_20degC,19/09/22,6490,µS/cm
Nitrate,19/09/22,144,mg/l NO3
Phosphate,19/09/22,0,mg PO4/L
Electrical_Conductivity_20degC,22/09/22,6050,µS/cm
Nitrate,22/09/22,117.8,mg/l NO3
Phosphate,22/09/22,0,mg PO4/L
Nitrate,26/09/22,24.4,mg/l NO3
Phosphate,26/09/22,1.2,mg PO4/L
Electrical_Conductivity_20degC,26/09/22,1000,µS/cm
Nitrate,26/09/22,26.5,mg/l NO3
Phosphate,26/09/22,1.3,mg PO4/L
Electrical_Conductivity_20degC,26/09/22,1160,µS/cm
Nitrate,26/09/22,26.1,mg/l NO3
Phosphate,26/09/22,1.3,mg PO4/L
Electrical_Conductivity_20degC,27/09/22,2520,µS/cm
Nitrate,27/09/22,115,mg/l NO3
Phosphate,27/09/22,1.9,mg PO4/L
Electrical_Conductivity_20degC,28/09/22,5810,µS/cm
Nitrate,28/09/22,171.2,mg/l NO3
Phosphate,28/09/22,0,mg PO4/L
Electrical_Conductivity_20degC,03/10/22,6400,µS/cm
Nitrate,03/10/22,181,mg/l NO3
Phosphate,03/10/22,0.4,mg PO4/L
Nitrate,06/10/22,60.7,mg/l NO3
Phosphate,06/10/22,0.7,mg PO4/L
Electrical_Conductivity_20degC,07/10/22,4551,µS/cm
Nitrate,07/10/22,120,mg/l NO3
Phosphate,07/10/22,1.8,mg PO4/L
Electrical_Conductivity_20degC,07/10/22,4180,µS/cm
Nitrate,07/10/22,135.7,mg/l NO3
Phosphate,07/10/22,0.08,mg PO4/L
Electrical_Conductivity_20degC,10/10/22,6260,µS/cm
Nitrate,10/10/22,197,mg/l NO3
Phosphate,10/10/22,0.5,mg PO4/L
Electrical_Conductivity_20degC,10/10/22,6290,µS/cm
Nitrate,10/10/22,206.5,mg/l NO3
Phosphate,10/10/22,0.2,mg PO4/L
Nitrate,11/10/22,28.6,mg/l NO3
Phosphate,11/10/22,0.7,mg PO4/L
Electrical_Conductivity_20degC,17/10/22,6580,µS/cm
Nitrate,17/10/22,197,mg/l NO3
Phosphate,17/10/22,0.4,mg PO4/L
Electrical_Conductivity_20degC,21/10/22,6610,µS/cm
Nitrate,21/10/22,168,mg/l NO3
Phosphate,21/10/22,0.07,mg PO4/L
Electrical_Conductivity_20degC,24/10/22,6270,µS/cm
Nitrate,24/10/22,170,mg/l NO3
Phosphate,24/10/22,0.5,mg PO4/L
Electrical_Conductivity_20degC,26/10/22,6360,µS/cm
Nitrate,26/10/22,154.4,mg/l NO3
Phosphate,26/10/22,0.38,mg PO4/L
Electrical_Conductivity_20degC,31/10/22,6320,µS/cm
Nitrate,31/10/22,149,mg/l NO3
Phosphate,31/10/22,0.6,mg PO4/L
Electrical_Conductivity_20degC,03/11/22,6320,µS/cm
Nitrate,03/11/22,80.4,mg/l NO3
Phosphate,03/11/22,0.59,mg PO4/L
Electrical_Conductivity_20degC,07/11/22,6420,µS/cm
Nitrate,07/11/22,164,mg/l NO3
Phosphate,07/11/22,0.6,mg PO4/L
Electrical_Conductivity_20degC,09/11/22,5880,µS/cm
Nitrate,09/11/22,161.8,mg/l NO3
Phosphate,09/11/22,0.43,mg PO4/L
Nitrate,11/11/22,138,mg/l NO3
Phosphate,11/11/22,0.5,mg PO4/L
Electrical_Conductivity_20degC,14/11/22,5880,µS/cm
Nitrate,14/11/22,121,mg/l NO3
Phosphate,14/11/22,0.4,mg PO4/L
Electrical_Conductivity_20degC,16/11/22,5630,µS/cm
Nitrate,16/11/22,130.8,mg/l NO3
Phosphate,16/11/22,0.41,mg PO4/L
Electrical_Conductivity_20degC,21/11/22,6140,µS/cm
Nitrate,21/11/22,123,mg/l NO3
Phosphate,21/11/22,0.6,mg PO4/L
Electrical_Conductivity_20degC,25/11/22,6283,µS/cm
Nitrate,25/11/22,117.8,mg/l NO3
Phosphate,25/11/22,0.51,mg PO4/L
Electrical_Conductivity_20degC,28/11/22,6190,µS/cm
Nitrate,28/11/22,140,mg/l NO3
Phosphate,28/11/22,0.5,mg PO4/L
Nitrate,02/12/22,92,mg/l NO3
Phosphate,02/12/22,0.8,mg PO4/L
Electrical_Conductivity_20degC,05/12/22,6540,µS/cm
Nitrate,05/12/22,172,mg/l NO3
Phosphate,05/12/22,0,mg PO4/L
Electrical_Conductivity_20degC,05/12/22,5970,µS/cm
Phosphate,05/12/22,0.3,mg PO4/L
Electrical_Conductivity_20degC,12/12/22,6340,µS/cm
Nitrate,12/12/22,164,mg/l NO3
Phosphate,12/12/22,0.5,mg PO4/L
Electrical_Conductivity_20degC,13/12/22,5820,µS/cm
Nitrate,13/12/22,155.1,mg/l NO3
Phosphate,13/12/22,0.42,mg PO4/L
Electrical_Conductivity_20degC,19/12/22,6340,µS/cm
Nitrate,19/12/22,164,mg/l NO3
Phosphate,19/12/22,0.4,mg PO4/L
Electrical_Conductivity_20degC,22/12/22,5650,µS/cm
Nitrate,22/12/22,153.6,mg/l NO3
Phosphate,22/12/22,0.57,mg PO4/L
Electrical_Conductivity_20degC,27/12/22,6510,µS/cm
Nitrate,27/12/22,160,mg/l NO3
Phosphate,27/12/22,0.4,mg PO4/L
Electrical_Conductivity_20degC,28/12/22,5700,µS/cm
Nitrate,28/12/22,183.4,mg/l NO3
Phosphate,28/12/22,0.38,mg PO4/L
Electrical_Conductivity_20degC,03/01/23,6950,µS/cm
Nitrate,03/01/23,200,mg/l NO3
Phosphate,03/01/23,0,mg PO4/L
Electrical_Conductivity_20degC,09/01/23,5870,µS/cm
Nitrate,09/01/23,112,mg/l NO3
Phosphate,09/01/23,0.7,mg PO4/L
Electrical_Conductivity_20degC,13/01/23,6701,µS/cm
Nitrate,13/01/23,142,mg/l NO3
Phosphate,13/01/23,0.6,mg PO4/L
Electrical_Conductivity_20degC,16/01/23,6610,µS/cm
Nitrate,16/01/23,178,mg/l NO3
Phosphate,16/01/23,0.4,mg PO4/L
Electrical_Conductivity_20degC,16/01/23,6210,µS/cm
Nitrate,16/01/23,174,mg/l NO3
Phosphate,16/01/23,0.4,mg PO4/L
Nitrate,23/01/23,199,mg/l NO3
Phosphate,23/01/23,0,mg PO4/L
Nitrate,24/01/23,177,mg/l NO3
Phosphate,24/01/23,0,mg PO4/L
Electrical_Conductivity_20degC,27/01/23,5600,µS/cm
Nitrate,27/01/23,136,mg/l NO3
Phosphate,27/01/23,0.5,mg PO4/L
Electrical_Conductivity_20degC,30/01/23,6020,µS/cm
Nitrate,30/01/23,132,mg/l NO3
Phosphate,30/01/23,0.6,mg PO4/L
Electrical_Conductivity_20degC,30/01/23,5590,µS/cm
Nitrate,30/01/23,140,mg/l NO3
Phosphate,30/01/23,0.6,mg PO4/L
Electrical_Conductivity_20degC,06/02/23,6570,µS/cm
Nitrate,06/02/23,169,mg/l NO3
Nitrate,06/02/23,189,mg/l NO3
Phosphate,06/02/23,0,mg PO4/L
Phosphate,06/02/23,0.15,mg PO4/L
Electrical_Conductivity_20degC,13/02/23,6140,µS/cm
Nitrate,13/02/23,136,mg/l NO3
Phosphate,13/02/23,0.5,mg PO4/L
Electrical_Conductivity_20degC,20/02/23,5810,µS/cm
Nitrate,20/02/23,132,mg/l NO3
Phosphate,20/02/23,0,mg PO4/L
Electrical_Conductivity_20degC,27/02/23,6780,µS/cm
Nitrate,27/02/23,177,mg/l NO3
Phosphate,27/02/23,0,mg PO4/L
Electrical_Conductivity_20degC,06/03/23,5680,µS/cm
Nitrate,06/03/23,145,mg/l NO3
Phosphate,06/03/23,0.23,mg PO4/L
Electrical_Conductivity_20degC,13/03/23,6810,µS/cm
Nitrate,13/03/23,170,mg/l NO3
Phosphate,13/03/23,0,mg PO4/L
Electrical_Conductivity_20degC,20/03/23,5790,µS/cm
Nitrate,20/03/23,127,mg/l NO3
Phosphate,20/03/23,0,mg PO4/L
Electrical_Conductivity_20degC,27/03/23,7020,µS/cm
Nitrate,27/03/23,176,mg/l NO3
Phosphate,27/03/23,0,mg PO4/L
Electrical_Conductivity_20degC,05/04/23,5720,µS/cm
Nitrate,05/04/23,107,mg/l NO3
Phosphate,05/04/23,0.13,mg PO4/L
Electrical_Conductivity_20degC,10/04/23,6040,µS/cm
Nitrate,10/04/23,117,mg/l NO3
Phosphate,10/04/23,0,mg PO4/L
Electrical_Conductivity_20degC,17/04/23,6290,µS/cm
Nitrate,17/04/23,149,mg/l NO3
Phosphate,17/04/23,0,mg PO4/L
Electrical_Conductivity_20degC,25/04/23,6990,µS/cm
Nitrate,25/04/23,153,mg/l NO3
Phosphate,25/04/23,0,mg PO4/L
Electrical_Conductivity_20degC,03/05/23,6630,µS/cm
Nitrate,03/05/23,142,mg/l NO3
Phosphate,03/05/23,0,mg PO4/L
Electrical_Conductivity_20degC,11/05/23,6710,µS/cm
Nitrate,11/05/23,150,mg/l NO3
Phosphate,11/05/23,0,mg PO4/L
Electrical_Conductivity_20degC,17/05/23,5760,µS/cm
Nitrate,17/05/23,116,mg/l NO3
Phosphate,17/05/23,0,mg PO4/L
Electrical_Conductivity_20degC,19/05/23,6896,µS/cm
Nitrate,19/05/23,117,mg/l NO3
Phosphate,19/05/23,0.58,mg PO4/l
Nitrate,19/05/23,130,mg/l NO3
Phosphate,19/05/23,0.43,mg PO4/L
Nitrate,23/05/23,44.4,mg/l NO3
Phosphate,23/05/23,0.4,mg PO4/L
Electrical_Conductivity_20degC,23/05/23,4945,µS/cm
Nitrate,23/05/23,57.1,mg/l NO3
Phosphate,23/05/23,0.49,mg PO4/l
Electrical_Conductivity_20degC,23/05/23,1791,µS/cm
Nitrate,23/05/23,23.1,mg/l NO3
Phosphate,23/05/23,0,mg PO4/l
Electrical_Conductivity_20degC,24/05/23,1849,µS/cm
Nitrate,24/05/23,37.5,mg/l NO3
Phosphate,24/05/23,0.77,mg PO4/L
Nitrate,31/05/23,18.2,mg/l NO3
Phosphate,31/05/23,0.74,mg PO4/L
Electrical_Conductivity_20degC,31/05/23,940,µS/cm
Nitrate,31/05/23,17.1,mg/l NO3
Phosphate,31/05/23,1,mg PO4/l
Electrical_Conductivity_20degC,01/06/23,3523,µS/cm
Nitrate,01/06/23,69.2,mg/l NO3
Phosphate,01/06/23,0.61,mg PO4/l
Electrical_Conductivity_20degC,01/06/23,2816,µS/cm
Nitrate,01/06/23,55.1,mg/l NO3
Phosphate,01/06/23,0.7,mg PO4/l
Electrical_Conductivity_20degC,03/06/23,6757,µS/cm
Nitrate,03/06/23,125,mg/l NO3
Phosphate,03/06/23,1.3,mg PO4/l
Electrical_Conductivity_20degC,05/06/23,6300,µS/cm
Nitrate,05/06/23,142,mg/l NO3
Phosphate,05/06/23,0,mg PO4/L
Electrical_Conductivity_20degC,12/06/23,6950,µS/cm
Nitrate,12/06/23,155,mg/l NO3
Phosphate,12/06/23,0,mg PO4/L
Electrical_Conductivity_20degC,14/06/23,7060,µS/cm
Nitrate,14/06/23,119,mg/l NO3
Phosphate,14/06/23,0,mg PO4/l
Nitrate,14/06/23,112,mg/l NO3
Phosphate,14/06/23,0,mg PO4/l
Electrical_Conductivity_20degC,20/06/23,5230,µS/cm
Nitrate,20/06/23,116,mg/l NO3
Phosphate,20/06/23,0,mg PO4/L
Electrical_Conductivity_20degC,26/06/23,5720,µS/cm
Nitrate,26/06/23,97,mg/l NO3
Phosphate,26/06/23,0,mg PO4/L
Electrical_Conductivity_20degC,05/07/23,6030,µS/cm
Nitrate,05/07/23,102,mg/l NO3
Phosphate,05/07/23,0.74,mg PO4/L
Electrical_Conductivity_20degC,10/07/23,6620,µS/cm
Nitrate,10/07/23,136,mg/l NO3
Phosphate,10/07/23,0.43,mg PO4/L
Electrical_Conductivity_20degC,17/07/23,5440,µS/cm
Nitrate,17/07/23,104,mg/l NO3
Phosphate,17/07/23,0.64,mg PO4/L
Electrical_Conductivity_20degC,27/07/23,5710,µS/cm
Nitrate,27/07/23,115,mg/l NO3
Phosphate,27/07/23,0.54,mg PO4/L
Electrical_Conductivity_20degC,01/08/23,5650,µS/cm
Nitrate,01/08/23,103,mg/l NO3
Phosphate,01/08/23,0.58,mg PO4/L
Electrical_Conductivity_20degC,07/08/23,5420,µS/cm
Nitrate,07/08/23,93,mg/l NO3
Phosphate,07/08/23,0.55,mg PO4/L
Electrical_Conductivity_20degC,17/08/23,6080,µS/cm
Nitrate,17/08/23,120,mg/l NO3
Phosphate,17/08/23,0.49,mg PO4/L
Electrical_Conductivity_20degC,21/08/23,6640,µS/cm
Nitrate,21/08/23,142,mg/l NO3
Phosphate,21/08/23,0.46,mg PO4/L
Electrical_Conductivity_20degC,03/09/23,6697,µS/cm
Nitrate,03/09/23,95.8,mg/l NO3
Phosphate,03/09/23,0.8,mg PO4/l
Electrical_Conductivity_20degC,03/09/23,5926,µS/cm
Nitrate,03/09/23,91,mg/l NO3
Phosphate,03/09/23,0.67,mg PO4/l
Electrical_Conductivity_20degC,03/09/23,6145,µS/cm
Nitrate,03/09/23,95.2,mg/l NO3
Phosphate,03/09/23,0.7,mg PO4/l
Electrical_Conductivity_20degC,04/09/23,4340,µS/cm
Nitrate,04/09/23,51,mg/l NO3
Phosphate,04/09/23,0.43,mg PO4/L
Electrical_Conductivity_20degC,13/09/23,5850,µS/cm
Nitrate,13/09/23,108,mg/l NO3
Phosphate,13/09/23,0,mg PO4/L
Electrical_Conductivity_20degC,20/09/23,5700,µS/cm
Nitrate,20/09/23,86,mg/l NO3
Phosphate,20/09/23,0,mg PO4/L
Electrical_Conductivity_20degC,27/09/23,6110,µS/cm
Nitrate,27/09/23,122,mg/l NO3
Phosphate,27/09/23,0,mg PO4/L
Electrical_Conductivity_20degC,02/10/23,6970,µS/cm
Nitrate,02/10/23,159,mg/l NO3
Phosphate,02/10/23,0,mg PO4/L
Electrical_Conductivity_20degC,09/10/23,6650,µS/cm
Nitrate,09/10/23,144,mg/l NO3
Phosphate,09/10/23,0,mg PO4/L
Electrical_Conductivity_20degC,18/10/23,5830,µS/cm
Nitrate,18/10/23,114,mg/l NO3
Phosphate,18/10/23,0,mg PO4/L
Electrical_Conductivity_20degC,26/10/23,6030,µS/cm
Nitrate,26/10/23,122,mg/l NO3
Phosphate,26/10/23,0,mg PO4/L
Nitrate,08/11/23,89,mg/l NO3
Phosphate,08/11/23,0.43,mg PO4/L
Electrical_Conductivity_20degC,08/11/23,5160,µS/cm
Electrical_Conductivity_20degC,13/11/23,5580,µS/cm a 20 ºC
Nitrate,13/11/23,112,mg/l NO3
Phosphate,13/11/23,0,mg PO4/l
Electrical_Conductivity_20degC,23/11/23,6670,µS/cm
Nitrate,23/11/23,151,mg/l NO3
Phosphate,23/11/23,0,mg PO4/l
Electrical_Conductivity_20degC,27/11/23,6050,µS/cm a 20 ºC
Nitrate,27/11/23,128,mg/l NO3
Phosphate,27/11/23,0,mg PO4/l
Electrical_Conductivity_20degC,04/12/23,6240,µS/cm
Nitrate,04/12/23,139,mg/l NO3
Phosphate,04/12/23,0,mg PO4/l
Electrical_Conductivity_20degC,13/12/23,5320,µS/cm
Nitrate,13/12/23,101,mg/l NO3
Phosphate,13/12/23,0,mg PO4/l
Electrical_Conductivity_20degC,19/12/23,5200,µS/cm
Nitrate,19/12/23,102,mg/l NO3
Phosphate,19/12/23,0.49,mg PO4/L
Electrical_Conductivity_20degC,26/12/23,6410,µS/cm
Nitrate,26/12/23,153,mg/l NO3
Phosphate,26/12/23,0,mg PO4/L
Electrical_Conductivity_20degC,04/01/24,5580,µS/cm
Nitrate,04/01/24,113,mg/l NO3
Phosphate,04/01/24,0,mg PO4/L
Electrical_Conductivity_20degC,10/01/24,5420,µS/cm
Nitrate,10/01/24,103,mg/l NO3
Phosphate,10/01/24,0,mg PO4/L
Electrical_Conductivity_20degC,17/01/24,5470,µS/cm
Nitrate,17/01/24,106,mg NO3/l
Phosphate,17/01/24,0.61,mg/l PO4
Electrical_Conductivity_20degC,23/01/24,6890,µS/cm
Nitrate,23/01/24,167,mg NO3/l
Phosphate,23/01/24,0,mg/l PO4
Electrical_Conductivity_20degC,05/02/24,6250,µS/cm
Nitrate,05/02/24,141,mg NO3/l
Phosphate,05/02/24,0.46,mg/l PO4
Electrical_Conductivity_20degC,12/02/24,5970,µS/cm
Nitrate,12/02/24,132,mg NO3/l
Phosphate,12/02/24,0.68,mg/l PO4
Electrical_Conductivity_20degC,21/02/24,6580,µS/cm
Nitrate,21/02/24,147,mg NO3/l
Phosphate,21/02/24,0.43,mg/l PO4
Nitrate,27/02/24,136,mg NO3/l
Phosphate,27/02/24,0,mg/l PO4
Electrical_Conductivity_20degC,04/03/24,6400,µS/cm
Nitrate,04/03/24,142,mg NO3/l
Phosphate,04/03/24,0,mg/l PO4
Electrical_Conductivity_20degC,12/03/24,5760,µS/cm
Nitrate,12/03/24,118,mg NO3/l
Phosphate,12/03/24,0.49,mg/l PO4
Electrical_Conductivity_20degC,18/03/24,6320,µS/cm
Nitrate,18/03/24,155,mg NO3/l
Electrical_Conductivity_20degC,03/04/24,5430,µS/cm
Nitrate,03/04/24,99,mg NO3/l
Electrical_Conductivity_20degC,09/04/24,6090,µS/cm
Nitrate,09/04/24,132,mg NO3/l
Nitrate,18/04/24,108,mg NO3/l
Nitrate,25/04/24,112,mg NO3/l
Nitrate,02/05/24,80,mg NO3/l
Nitrate,09/05/24,66,mg NO3/l
Nitrate,14/05/24,91,mg NO3/l
Electrical_Conductivity_20degC,30/05/24,5470,µS/cm
Nitrate,30/05/24,94,mg NO3/l
Phosphate,30/05/24,0.61,mg/l PO4
Electrical_Conductivity_20degC,30/05/24,8080,µS/cm
Electrical_Conductivity_20degC,12/06/24,5785,µS/cm
Nitrate,12/06/24,73.1,mg NO3/l
Phosphate,12/06/24,0.86,mg PO4/L
Electrical_Conductivity_20degC,12/06/24,5504,µS/cm
Nitrate,12/06/24,63.7,mg NO3/l
Phosphate,12/06/24,1.1,mg PO4/L
Electrical_Conductivity_20degC,12/06/24,5307,µS/cm
Nitrate,12/06/24,47,mg NO3/l
Phosphate,12/06/24,1.1,mg PO4/L
Electrical_Conductivity_20degC,13/06/24,1074,µS/cm
Nitrate,13/06/24,22.4,mg NO3/l
Phosphate,13/06/24,0.89,mg/l PO4
Electrical_Conductivity_20degC,13/06/24,1767,µS/cm
Nitrate,13/06/24,28.9,mg NO3/l
Phosphate,13/06/24,2.4,mg PO4/L
Electrical_Conductivity_20degC,17/06/24,5500,µS/cm
Nitrate,17/06/24,119,mg/L NO3
Phosphate,17/06/24,0.47,mg PO4/L
Electrical_Conductivity_20degC,20/06/24,6100,µS/cm
Nitrate,20/06/24,134,mg NO3/l
Phosphate,20/06/24,0.49,mg/l PO4
Electrical_Conductivity_20degC,26/06/24,6110,µS/cm
Nitrate,26/06/24,125,mg NO3/l
Phosphate,26/06/24,0,mg/l PO4
Electrical_Conductivity_20degC,04/07/24,5730,µS/cm
Nitrate,04/07/24,100,mg NO3/l
Phosphate,04/07/24,0.52,mg/l PO4
Electrical_Conductivity_20degC,09/07/24,6380,µS/cm
Nitrate,09/07/24,119,mg/L NO3
Phosphate,09/07/24,0.4,mg PO4/L
Electrical_Conductivity_20degC,15/07/24,5930,µS/cm
Nitrate,15/07/24,97,mg NO3/l
Phosphate,15/07/24,0.64,mg/l PO4
Electrical_Conductivity_20degC,22/07/24,5960,µS/cm
Nitrate,22/07/24,94,mg NO3/l
Phosphate,22/07/24,0.58,mg/l PO4
Electrical_Conductivity_20degC,29/07/24,6650,µS/cm
Nitrate,29/07/24,131,mg NO3/l
Phosphate,29/07/24,0.52,mg/l PO4
Electrical_Conductivity_20degC,07/08/24,6120,µS/cm
Nitrate,07/08/24,120,mg/L NO3
Phosphate,07/08/24,0.28,mg PO4/L
Nitrate,12/08/24,156,mg NO3/l
Phosphate,12/08/24,0,mg/l PO4
Electrical_Conductivity_20degC,19/08/24,6150,µS/cm
Nitrate,19/08/24,106,mg NO3/l
Phosphate,19/08/24,0.61,mg/l PO4
Electrical_Conductivity_20degC,26/08/24,5870,µS/cm
Nitrate,26/08/24,90,mg NO3/l
Phosphate,26/08/24,0.61,mg/l PO4
Electrical_Conductivity_20degC,04/09/24,5070,µS/cm
Nitrate,04/09/24,110,mg/L NO3
Phosphate,04/09/24,0.32,mg PO4/L
Electrical_Conductivity_20degC,09/09/24,6710,µS/cm
Nitrate,09/09/24,110,mg NO3/l
Phosphate,09/09/24,0,mg/l PO4
Electrical_Conductivity_20degC,16/09/24,6440,µS/cm
Nitrate,16/09/24,122,mg NO3/l
Phosphate,16/09/24,0,mg/l PO4
Electrical_Conductivity_20degC,23/09/24,6660,µS/cm
Nitrate,23/09/24,118,mg NO3/l
Phosphate,23/09/24,0.31,mg/l PO4
Electrical_Conductivity_20degC,03/10/24,7300,µS/cm
Nitrate,03/10/24,165,mg/L NO3
Phosphate,03/10/24,0.34,mg PO4/L
Electrical_Conductivity_20degC,08/10/24,7030,µS/cm
Nitrate,08/10/24,143,mg NO3/l
Phosphate,08/10/24,0.26,mg/l PO4
Electrical_Conductivity_20degC,14/10/24,6810,µS/cm
Nitrate,14/10/24,136,mg NO3/l
Phosphate,14/10/24,0.24,mg/l PO4
Electrical_Conductivity_20degC,15/10/24,7534,µS/cm
Nitrate,15/10/24,128,mg/l NO3
Phosphate,15/10/24,0.37,mg PO4/l
Electrical_Conductivity_20degC,15/10/24,7475,µS/cm
Nitrate,15/10/24,138,mg/l NO3
Phosphate,15/10/24,0.4,mg PO4/l
Electrical_Conductivity_20degC,21/10/24,5600,µS/cm
Nitrate,21/10/24,94,mg NO3/l
Phosphate,21/10/24,0.49,mg/l PO4
Electrical_Conductivity_20degC,28/10/24,6390,µS/cm
Nitrate,28/10/24,135,mg NO3/l
Phosphate,28/10/24,0.25,mg/l PO4
Electrical_Conductivity_20degC,29/10/24,6500,µS/cm
Nitrate,29/10/24,94,mg NO3/l
Nitrate,29/10/24,110,mg/l NO3
Phosphate,29/10/24,0.55,mg/l PO4
Phosphate,29/10/24,0.83,mg PO4/l
Electrical_Conductivity_20degC,29/10/24,3243,µS/cm
Nitrate,29/10/24,50.5,mg/l NO3
Phosphate,29/10/24,0.67,mg PO4/l
Electrical_Conductivity_20degC,05/11/24,4820,µS/cm
Nitrate,05/11/24,84,mg/L NO3
Phosphate,05/11/24,0,mg PO4/L
Electrical_Conductivity_20degC,11/11/24,5090,µS/cm
Nitrate,11/11/24,98,mg NO3/l
Phosphate,11/11/24,0.74,mg/l PO4
Electrical_Conductivity_20degC,03/12/24,6090,µS/cm
Nitrate,03/12/24,153,mg/L NO3
Phosphate,03/12/24,0.54,mg PO4/L
Electrical_Conductivity_20degC,11/12/24,6830,µS/cm
Nitrate,11/12/24,164,mg NO3/l
Phosphate,11/12/24,0,mg/l PO4
Electrical_Conductivity_20degC,16/12/24,6760,µS/cm
Nitrate,16/12/24,167,mg NO3/l
Phosphate,16/12/24,0,mg/l PO4
Electrical_Conductivity_20degC,23/12/24,5970,µS/cm
Nitrate,23/12/24,122,mg NO3/l
Phosphate,23/12/24,0.46,mg/l PO4
Electrical_Conductivity_20degC,30/12/24,6670,µS/cm
Nitrate,30/12/24,154,mg NO3/l
Phosphate,30/12/24,0,mg/l PO4
Electrical_Conductivity_20degC,07/01/25,5740,µS/cm
Nitrate,07/01/25,129,mg/L NO3
Phosphate,07/01/25,0.7,mg PO4/L
Nitrate,13/01/25,152,mg NO3/l
Phosphate,13/01/25,0,mg/l PO4
Electrical_Conductivity_20degC,20/01/25,5950,µS/cm
Nitrate,20/01/25,130,mg NO3/l
Phosphate,20/01/25,0.61,mg/l PO4
Electrical_Conductivity_20degC,27/01/25,5780,µS/cm
Nitrate,27/01/25,119,mg NO3/l
Phosphate,27/01/25,0.36,mg/l PO4
Electrical_Conductivity_20degC,04/02/25,5960,µS/cm
Nitrate,04/02/25,135,mg/L NO3
Phosphate,04/02/25,0.32,mg PO4/L
Electrical_Conductivity_20degC,10/02/25,6530,µS/cm
Nitrate,10/02/25,154,mg NO3/l
Phosphate,10/02/25,0.27,mg/l PO4
Electrical_Conductivity_20degC,17/02/25,6240,µS/cm
Nitrate,17/02/25,132,mg NO3/l
Phosphate,17/02/25,0,mg/l PO4
Electrical_Conductivity_20degC,24/02/25,5620,µS/cm
Nitrate,24/02/25,109,mg NO3/l
Phosphate,24/02/25,0.52,mg/l PO4
Electrical_Conductivity_20degC,03/03/25,1430,µS/cm
Nitrate,03/03/25,32.7,mg/L NO3
Phosphate,03/03/25,1.04,mg PO4/L
Electrical_Conductivity_20degC,10/03/25,6320,µS/cm
Nitrate,10/03/25,153,mg NO3/l
Phosphate,10/03/25,0.43,mg/l PO4
Electrical_Conductivity_20degC,17/03/25,6030,µS/cm
Nitrate,17/03/25,133,mg NO3/l
Phosphate,17/03/25,0.45,mg/l PO4
Electrical_Conductivity_20degC,24/03/25,5750,µS/cm
Nitrate,24/03/25,121,mg NO3/l
Phosphate,24/03/25,0.51,mg/l PO4
Electrical_Conductivity_20degC,01/04/25,6660,µS/cm
Nitrate,01/04/25,184,mg/L NO3
Phosphate,01/04/25,0.18,mg PO4/L
Electrical_Conductivity_20degC,01/04/25,5660,µS/cm
Electrical_Conductivity_20degC,07/04/25,6090,µS/cm
Nitrate,07/04/25,118,mg NO3/l
Phosphate,07/04/25,0,mg/l PO4
Nitrate,14/04/25,129,mg NO3/l
Phosphate,14/04/25,0.7,mg/l PO4
Nitrate,21/04/25,144,mg NO3/l
Phosphate,21/04/25,0.39,mg/l PO4
Nitrate,28/04/25,118,mg NO3/l
Phosphate,28/04/25,0.54,mg/l PO4
Electrical_Conductivity_20degC,08/05/25,6180,µS/cm
Nitrate,08/05/25,141,mg/L NO3
Phosphate,08/05/25,0.6,mg PO4/L
Nitrate,12/05/25,142,mg NO3/l
Phosphate,12/05/25,0.44,mg/l PO4
Nitrate,19/05/25,106,mg NO3/l
Phosphate,19/05/25,0.7,mg/l PO4
Nitrate,26/05/25,92,mg NO3/l
Phosphate,26/05/25,0.74,mg/l PO4
Electrical_Conductivity_20degC,02/06/25,6880,µS/cm
Nitrate,02/06/25,133,mg/L NO3
Phosphate,02/06/25,0.41,mg PO4/L
Nitrate,11/06/25,102,mg NO3/l
Phosphate,11/06/25,0.56,mg/l PO4
Nitrate,16/06/25,87,mg NO3/l
Phosphate,16/06/25,0.8,mg/l PO4
Nitrate,23/06/25,88,mg NO3/l
Phosphate,23/06/25,0.52,mg/l PO4
Electrical_Conductivity_20degC,23/06/25,5460,µS/cm
Nitrate,23/06/25,89.2,mg NO3/l
Phosphate,23/06/25,0.21,mg PO4/L
Electrical_Conductivity_20degC,02/07/25,5840,µS/cm
Nitrate,02/07/25,99,mg/L NO3
Phosphate,02/07/25,0.51,mg PO4/L
Electrical_Conductivity_20degC,07/07/25,6530,µS/cm
Nitrate,07/07/25,93,mg NO3/l
Phosphate,07/07/25,0.77,mg/l PO4
Electrical_Conductivity_20degC,14/07/25,5700,µS/cm
Nitrate,14/07/25,86,mg NO3/l
Phosphate,14/07/25,0.85,mg/l PO4
Electrical_Conductivity_20degC,21/07/25,5860,µS/cm
Nitrate,21/07/25,88,mg NO3/l
Phosphate,21/07/25,0.68,mg/l PO4
Electrical_Conductivity_20degC,23/07/25,4650,µS/cm
Nitrate,23/07/25,75.6,mg NO3/l
Phosphate,23/07/25,0.19,mg PO4/L
Electrical_Conductivity_20degC,28/07/25,5250,µS/cm
Nitrate,28/07/25,74,mg NO3/l
Phosphate,28/07/25,0.62,mg/l PO4
Electrical_Conductivity_20degC,11/08/25,6060,µS/cm
Nitrate,11/08/25,98,mg NO3/l
Phosphate,11/08/25,0.38,mg/l PO4
Electrical_Conductivity_20degC,11/08/25,6140,µS/cm
Nitrate,11/08/25,103,mg/L NO3
Phosphate,11/08/25,0.68,mg PO4/L
Electrical_Conductivity_20degC,19/08/25,6020,µS/cm
Nitrate,19/08/25,93,mg NO3/l
Phosphate,19/08/25,0.28,mg/l PO4
Electrical_Conductivity_20degC,21/08/25,5530,µS/cm
Nitrate,21/08/25,86,mg NO3/l
Phosphate,21/08/25,0.28,mg PO4/L
Electrical_Conductivity_20degC,25/08/25,5720,µS/cm
Nitrate,25/08/25,86,mg NO3/l
Phosphate,25/08/25,0.52,mg/l PO4
Electrical_Conductivity_20degC,08/09/25,6020,µS/cm
Nitrate,08/09/25,100,mg NO3/l
Phosphate,08/09/25,0.26,mg/l PO4
Electrical_Conductivity_20degC,09/09/25,5020,µS/cm
Nitrate,09/09/25,101,mg NO3/l
Phosphate,09/09/25,0.29,mg PO4/L
Electrical_Conductivity_20degC,17/09/25,6790,µS/cm
Nitrate,17/09/25,132,mg NO3/l
Phosphate,17/09/25,0.15,mg/l PO4
Electrical_Conductivity_20degC,17/09/25,6800,µS/cm
Nitrate,17/09/25,142,mg/L NO3
Phosphate,17/09/25,0.18,mg PO4/L
Electrical_Conductivity_20degC,22/09/25,5620,µS/cm
Nitrate,22/09/25,84,mg NO3/l
Phosphate,22/09/25,0.45,mg/l PO4
Electrical_Conductivity_20degC,29/09/25,5530,µS/cm
Nitrate,29/09/25,88,mg NO3/l
Phosphate,29/09/25,0.51,mg/l PO4
Electrical_Conductivity_20degC,06/10/25,5360,µS/cm
Nitrate,06/10/25,126,mg/L NO3
Phosphate,06/10/25,0,mg PO4/L
Electrical_Conductivity_20degC,13/10/25,3780,µS/cm
Nitrate,13/10/25,80,mg NO3/l
Phosphate,13/10/25,0.46,mg/l PO4
Electrical_Conductivity_20degC,20/10/25,4370,µS/cm
Nitrate,20/10/25,92,mg NO3/l
Phosphate,20/10/25,0.33,mg/l PO4
Electrical_Conductivity_20degC,23/10/25,3150,µS/cm
Nitrate,23/10/25,61.6,mg NO3/l
Phosphate,23/10/25,0.22,mg PO4/L
Electrical_Conductivity_20degC,27/10/25,4660,µS/cm
Nitrate,27/10/25,91,mg NO3/l
Phosphate,27/10/25,0.4,mg/l PO4
Electrical_Conductivity_20degC,10/11/25,6170,µS/cm
Nitrate,10/11/25,151,mg NO3/l
Phosphate,10/11/25,0.44,mg/l PO4
Electrical_Conductivity_20degC,17/11/25,6010,µS/cm
Nitrate,17/11/25,138,mg NO3/l
Phosphate,17/11/25,0.58,mg/l PO4
Electrical_Conductivity_20degC,17/11/25,5040,µS/cm
Nitrate,17/11/25,124,mg NO3/l
Phosphate,17/11/25,0.54,mg PO4/L
Electrical_Conductivity_20degC,24/11/25,6230,µS/cm
Nitrate,24/11/25,149,mg NO3/l
Phosphate,24/11/25,0.65,mg/l PO4
