Date_time,Flow_mean,Discharge
19/11/2020,0,0
20/11/2020,0,0
21/11/2020,0,0
22/11/2020,0,0
23/11/2020,0.0693,5987.52
24/11/2020,0.1075,9288
25/11/2020,0.123,10627.2
26/11/2020,0.1064,9192.96
27/11/2020,0.1288,11128.32
28/11/2020,0.1188,10264.32
29/11/2020,0.1108,9573.12
30/11/2020,0.0328,2833.92
01/12/2020,0,0
02/12/2020,0,0
03/12/2020,0,0
04/12/2020,0,0
05/12/2020,0,0
06/12/2020,0,0
07/12/2020,0,0
08/12/2020,0,0
09/12/2020,0,0
10/12/2020,0,0
11/12/2020,0,0
12/12/2020,0,0
13/12/2020,0,0
14/12/2020,0,0
15/12/2020,0,0
16/12/2020,0,0
17/12/2020,0,0
18/12/2020,0,0
19/12/2020,0,0
20/12/2020,0,0
21/12/2020,0,0
22/12/2020,0,0
23/12/2020,0,0
24/12/2020,0,0
25/12/2020,0,0
26/12/2020,0,0
27/12/2020,0,0
28/12/2020,NA,NA
29/12/2020,NA,NA
30/12/2020,NA,NA
31/12/2020,NA,NA
01/01/2021,NA,NA
02/01/2021,NA,NA
03/01/2021,NA,NA
04/01/2021,NA,NA
05/01/2021,NA,NA
06/01/2021,NA,NA
07/01/2021,NA,NA
08/01/2021,NA,NA
09/01/2021,NA,NA
10/01/2021,NA,NA
11/01/2021,NA,NA
12/01/2021,0.1854,16018.56
13/01/2021,0.182,15724.8
14/01/2021,0.1762,15223.68
15/01/2021,0.1734,14981.76
16/01/2021,0.1692,14618.88
17/01/2021,0.1559,13469.76
18/01/2021,0.1627,14057.28
19/01/2021,0.2065,17841.6
20/01/2021,0.2098,18126.72
21/01/2021,0.1922,16606.08
22/01/2021,0.1437,12415.68
23/01/2021,0.125,10800
24/01/2021,0.1895,16372.8
25/01/2021,0.0484,4181.76
26/01/2021,0,0
27/01/2021,0,0
28/01/2021,0,0
29/01/2021,0,0
30/01/2021,0.0046,397.44
31/01/2021,0.0117,1010.88
01/02/2021,0.0265,2289.6
02/02/2021,0.0535,4622.4
03/02/2021,0.0704,6082.56
04/02/2021,0.0611,5279.04
05/02/2021,0.0396,3421.44
06/02/2021,0.0307,2652.48
07/02/2021,0.0133,1149.12
08/02/2021,0.0007,60.48
09/02/2021,0,0
10/02/2021,0,0
11/02/2021,0,0
12/02/2021,0,0
13/02/2021,0,0
14/02/2021,0,0
15/02/2021,0,0
16/02/2021,0,0
17/02/2021,0,0
18/02/2021,0,0
19/02/2021,0,0
20/02/2021,0,0
21/02/2021,0,0
22/02/2021,0,0
23/02/2021,0,0
24/02/2021,0,0
25/02/2021,0,0
26/02/2021,0,0
27/02/2021,0,0
28/02/2021,0,0
01/03/2021,0,0
02/03/2021,0,0
03/03/2021,0,0
04/03/2021,0,0
05/03/2021,NA,NA
06/03/2021,NA,NA
07/03/2021,NA,NA
08/03/2021,1.3268,114635.52
09/03/2021,0.7846,67789.44
10/03/2021,0.3028,26161.92
11/03/2021,0.2306,19923.84
12/03/2021,0.2307,19932.48
13/03/2021,0.2044,17660.16
14/03/2021,0.1753,15145.92
15/03/2021,0.1723,14886.72
16/03/2021,0.1566,13530.24
17/03/2021,0.137,11836.8
18/03/2021,0.2305,19915.2
19/03/2021,0.1798,15534.72
20/03/2021,0.2334,20165.76
21/03/2021,0.1778,15361.92
22/03/2021,0.1951,16856.64
23/03/2021,0.1928,16657.92
24/03/2021,0.1911,16511.04
25/03/2021,0.1891,16338.24
26/03/2021,0.1803,15577.92
27/03/2021,0.1527,13193.28
28/03/2021,0.1612,13927.68
29/03/2021,0.1571,13573.44
30/03/2021,0.1707,14748.48
31/03/2021,0.175,15120
01/04/2021,0.1682,14532.48
02/04/2021,0.1617,13970.88
03/04/2021,0.1733,14973.12
04/04/2021,0.1554,13426.56
05/04/2021,0.1537,13279.68
06/04/2021,0.141,12182.4
07/04/2021,0.117,10108.8
08/04/2021,0.1215,10497.6
09/04/2021,0.1873,16182.72
10/04/2021,0.2533,21885.12
11/04/2021,0.1357,11724.48
12/04/2021,0.1309,11309.76
13/04/2021,0.1218,10523.52
14/04/2021,0.1188,10264.32
15/04/2021,0.2591,22386.24
16/04/2021,0.2036,17591.04
17/04/2021,0.151,13046.4
18/04/2021,0.1446,12493.44
19/04/2021,0.1459,12605.76
20/04/2021,0.1453,12553.92
21/04/2021,0.1285,11102.4
22/04/2021,0.355,30672
23/04/2021,0.0479,4138.56
24/04/2021,0.0115,993.6
25/04/2021,0.015,1296
26/04/2021,0.0709,6125.76
27/04/2021,0.0168,1451.52
28/04/2021,0.0002,17.28
29/04/2021,0,0
30/04/2021,0,0
01/05/2021,0,0
02/05/2021,0,0
03/05/2021,0,0
04/05/2021,0.0008,69.12
05/05/2021,0.0337,2911.68
06/05/2021,0.0383,3309.12
07/05/2021,0.0473,4086.72
08/05/2021,0.0423,3654.72
09/05/2021,0.0327,2825.28
10/05/2021,0.0387,3343.68
11/05/2021,0.0362,3127.68
12/05/2021,0.03,2592
13/05/2021,0.077,6652.8
14/05/2021,0.107,9244.8
15/05/2021,0.1039,8976.96
16/05/2021,0.0932,8052.48
17/05/2021,0.1074,9279.36
18/05/2021,0.0977,8441.28
19/05/2021,0.098,8467.2
20/05/2021,0.0922,7966.08
21/05/2021,0.1042,9002.88
22/05/2021,0.1045,9028.8
23/05/2021,0.9571,82693.44
24/05/2021,1.0609,91661.76
25/05/2021,0.3228,27889.92
26/05/2021,0.257,22204.8
27/05/2021,0.2379,20554.56
28/05/2021,0.2653,22921.92
29/05/2021,0.225,19440
30/05/2021,0.2058,17781.12
31/05/2021,0.2077,17945.28
01/06/2021,0.2169,18740.16
02/06/2021,0.1849,15975.36
03/06/2021,0.1794,15500.16
04/06/2021,0.1795,15508.8
05/06/2021,0.1852,16001.28
06/06/2021,0.181,15638.4
07/06/2021,0.1727,14921.28
08/06/2021,0.193,16675.2
09/06/2021,0.1931,16683.84
10/06/2021,0.1795,15508.8
11/06/2021,0.1822,15742.08
12/06/2021,0.1774,15327.36
13/06/2021,0.1791,15474.24
14/06/2021,0.1919,16580.16
15/06/2021,0.1688,14584.32
16/06/2021,0.1585,13694.4
17/06/2021,0.1411,12191.04
18/06/2021,0.1436,12407.04
19/06/2021,0.1424,12303.36
20/06/2021,0.1427,12329.28
21/06/2021,0.1183,10221.12
22/06/2021,0.1169,10100.16
23/06/2021,0.1182,10212.48
24/06/2021,0.1362,11767.68
25/06/2021,0.1197,10342.08
26/06/2021,0.1155,9979.2
27/06/2021,0.1047,9046.08
28/06/2021,0.1174,10143.36
29/06/2021,0.1163,10048.32
30/06/2021,0.1079,9322.56
01/07/2021,0.1387,11983.68
02/07/2021,0.149,12873.6
03/07/2021,0.1628,14065.92
04/07/2021,0.1598,13806.72
05/07/2021,0.1407,12156.48
06/07/2021,0.1439,12432.96
07/07/2021,0.1259,10877.76
08/07/2021,0.1069,9236.16
09/07/2021,0.1264,10920.96
10/07/2021,0.0975,8424
11/07/2021,0.118,10195.2
12/07/2021,0.1301,11240.64
13/07/2021,0.1156,9987.84
14/07/2021,0.101,8726.4
15/07/2021,0.1193,10307.52
16/07/2021,0.1299,11223.36
17/07/2021,0.1183,10221.12
18/07/2021,0.1401,12104.64
19/07/2021,0.1474,12735.36
20/07/2021,0.1376,11888.64
21/07/2021,0.1184,10229.76
22/07/2021,0.1185,10238.4
23/07/2021,0.1293,11171.52
24/07/2021,0.1007,8700.48
25/07/2021,0.1511,13055.04
26/07/2021,0.1318,11387.52
27/07/2021,0.0925,7992
28/07/2021,0.1108,9573.12
29/07/2021,0.1264,10920.96
30/07/2021,0.1224,10575.36
31/07/2021,0.1016,8778.24
01/08/2021,0.0854,7378.56
02/08/2021,0.0879,7594.56
03/08/2021,0.0747,6454.08
04/08/2021,0.0743,6419.52
05/08/2021,0.0904,7810.56
06/08/2021,0.0679,5866.56
07/08/2021,0.0731,6315.84
08/08/2021,0.0671,5797.44
09/08/2021,0.0547,4726.08
10/08/2021,0.0735,6350.4
11/08/2021,0.0966,8346.24
12/08/2021,0.0866,7482.24
13/08/2021,0.0841,7266.24
14/08/2021,0.0858,7413.12
15/08/2021,0.0873,7542.72
16/08/2021,0.1035,8942.4
17/08/2021,0.117,10108.8
18/08/2021,0.124,10713.6
19/08/2021,0.1266,10938.24
20/08/2021,0.0999,8631.36
21/08/2021,0.1085,9374.4
22/08/2021,0.1157,9996.48
23/08/2021,0.1005,8683.2
24/08/2021,0.0809,6989.76
25/08/2021,0.0882,7620.48
26/08/2021,0.0619,5348.16
27/08/2021,0.0926,8000.64
28/08/2021,0.0548,4734.72
29/08/2021,0.064,5529.6
30/08/2021,0.1013,8752.32
31/08/2021,0.0739,6384.96
01/09/2021,0.076,6566.4
02/09/2021,0.1115,9633.6
03/09/2021,0.1365,11793.6
04/09/2021,0.0936,8087.04
05/09/2021,0.0929,8026.56
06/09/2021,0.1375,11880
07/09/2021,0.1233,10653.12
08/09/2021,0.1384,11957.76
09/09/2021,0.13,11232
10/09/2021,0.0991,8562.24
11/09/2021,0.1083,9357.12
12/09/2021,0.0957,8268.48
13/09/2021,0.0845,7300.8
14/09/2021,0.1129,9754.56
15/09/2021,0.0923,7974.72
16/09/2021,0.1245,10756.8
17/09/2021,0.0692,5978.88
18/09/2021,0.1113,9616.32
19/09/2021,0.0858,7413.12
20/09/2021,0.1736,14999.04
21/09/2021,3.3744,291548.16
22/09/2021,0.1815,15681.6
23/09/2021,0.1077,9305.28
24/09/2021,0.1249,10791.36
25/09/2021,0.1323,11430.72
26/09/2021,0.1252,10817.28
27/09/2021,0.0967,8354.88
28/09/2021,0.0967,8354.88
29/09/2021,0.0851,7352.64
30/09/2021,0.0785,6782.4
01/10/2021,0.0684,5909.76
02/10/2021,0.1497,12934.08
03/10/2021,0.1666,14394.24
04/10/2021,0.1149,9927.36
05/10/2021,0.1024,8847.36
06/10/2021,0.0783,6765.12
07/10/2021,0.0772,6670.08
08/10/2021,0.1064,9192.96
09/10/2021,0.0973,8406.72
10/10/2021,0.1156,9987.84
11/10/2021,0.1311,11327.04
12/10/2021,0.1177,10169.28
13/10/2021,0.0907,7836.48
14/10/2021,0.0843,7283.52
15/10/2021,0.072,6220.8
16/10/2021,0.095,8208
17/10/2021,0.1308,11301.12
18/10/2021,0.1227,10601.28
19/10/2021,0.0831,7179.84
20/10/2021,0.0664,5736.96
21/10/2021,0.0938,8104.32
22/10/2021,0.2586,22343.04
23/10/2021,0.1734,14981.76
24/10/2021,0.0662,5719.68
25/10/2021,0.1027,8873.28
26/10/2021,0.3932,33972.48
27/10/2021,0.5176,44720.64
28/10/2021,0.0925,7992
29/10/2021,0.1052,9089.28
30/10/2021,0.084,7257.6
31/10/2021,0.0799,6903.36
01/11/2021,0.0814,7032.96
02/11/2021,0.0992,8570.88
03/11/2021,0.1307,11292.48
04/11/2021,0.0602,5201.28
05/11/2021,0.2607,22524.48
06/11/2021,0.2575,22248
07/11/2021,0.1573,13590.72
08/11/2021,0.1313,11344.32
09/11/2021,0.0885,7646.4
10/11/2021,0.1442,12458.88
11/11/2021,0.1588,13720.32
12/11/2021,0.1356,11715.84
13/11/2021,0.1293,11171.52
14/11/2021,0.1242,10730.88
15/11/2021,0.0887,7663.68
16/11/2021,0.0841,7266.24
17/11/2021,0.1251,10808.64
18/11/2021,0.4152,35873.28
19/11/2021,0.5315,45921.6
20/11/2021,0.4351,37592.64
21/11/2021,1.398,120787.2
22/11/2021,0.3506,30291.84
23/11/2021,0.243,20995.2
24/11/2021,0.2226,19232.64
25/11/2021,0.2441,21090.24
26/11/2021,0.2223,19206.72
27/11/2021,0.1824,15759.36
28/11/2021,0.1783,15405.12
29/11/2021,0.1725,14904
30/11/2021,0.1758,15189.12
01/12/2021,0.1792,15482.88
02/12/2021,0.1729,14938.56
03/12/2021,0.1469,12692.16
04/12/2021,0.1417,12242.88
05/12/2021,0.1799,15543.36
06/12/2021,0.1664,14376.96
07/12/2021,0.171,14774.4
08/12/2021,0.1706,14739.84
09/12/2021,0.1628,14065.92
10/12/2021,0.1532,13236.48
11/12/2021,0.1468,12683.52
12/12/2021,0.1519,13124.16
13/12/2021,0.2107,18204.48
14/12/2021,NA,NA
15/12/2021,NA,NA
16/12/2021,0.1715,14817.6
17/12/2021,0.123,10627.2
18/12/2021,0.1665,14385.6
19/12/2021,0.145,12528
20/12/2021,0.0992,8570.88
21/12/2021,0.0944,8156.16
22/12/2021,0.1373,11862.72
23/12/2021,0.1214,10488.96
24/12/2021,0.1336,11543.04
25/12/2021,0.0983,8493.12
26/12/2021,0.1367,11810.88
27/12/2021,0.0931,8043.84
28/12/2021,0.0863,7456.32
29/12/2021,0.1139,9840.96
30/12/2021,0.119,10281.6
31/12/2021,0.1219,10532.16
01/01/2022,0.0937,8095.68
02/01/2022,0.0766,6618.24
03/01/2022,0.0902,7793.28
04/01/2022,0.0802,6929.28
05/01/2022,0.0732,6324.48
06/01/2022,0.0687,5935.68
07/01/2022,0.0356,3075.84
08/01/2022,0.0673,5814.72
09/01/2022,0.0872,7534.08
10/01/2022,0.0939,8112.96
11/01/2022,0.0696,6013.44
12/01/2022,0.0943,8147.52
13/01/2022,0.092,7948.8
14/01/2022,0.0556,4803.84
15/01/2022,0.1061,9167.04
16/01/2022,0.1076,9296.64
17/01/2022,0.0853,7369.92
18/01/2022,0.0652,5633.28
19/01/2022,0.077,6652.8
20/01/2022,0.0494,4268.16
21/01/2022,0.0397,3430.08
22/01/2022,0.0486,4199.04
23/01/2022,0.0503,4345.92
24/01/2022,0.0395,3412.8
25/01/2022,0.0786,6791.04
26/01/2022,0.0429,3706.56
27/01/2022,0.1174,10143.36
28/01/2022,0.0945,8164.8
29/01/2022,0.061,5270.4
30/01/2022,0.0788,6808.32
31/01/2022,0.08,6912
01/02/2022,0.0599,5175.36
02/02/2022,0.0766,6618.24
03/02/2022,0.0654,5650.56
04/02/2022,0.0822,7102.08
05/02/2022,0.0547,4726.08
06/02/2022,0.0429,3706.56
07/02/2022,0.0414,3576.96
08/02/2022,0.0451,3896.64
09/02/2022,0.0656,5667.84
10/02/2022,0.0423,3654.72
11/02/2022,0.0392,3386.88
12/02/2022,0.0373,3222.72
13/02/2022,0.0389,3360.96
14/02/2022,0.0375,3240
15/02/2022,0.0793,6851.52
16/02/2022,0.0764,6600.96
17/02/2022,0.0603,5209.92
18/02/2022,0.0406,3507.84
19/02/2022,0.0376,3248.64
20/02/2022,0.0271,2341.44
21/02/2022,0.029,2505.6
22/02/2022,0.0308,2661.12
23/02/2022,0.0501,4328.64
24/02/2022,0.0631,5451.84
25/02/2022,0.0657,5676.48
26/02/2022,0.0705,6091.2
27/02/2022,0.1052,9089.28
28/02/2022,0.1242,10730.88
01/03/2022,0.1306,11283.84
02/03/2022,0.1257,10860.48
03/03/2022,0.1342,11594.88
04/03/2022,0.1854,16018.56
05/03/2022,0.1444,12476.16
06/03/2022,0.3162,27319.68
07/03/2022,0.2438,21064.32
08/03/2022,0.0775,6696
09/03/2022,0.1133,9789.12
10/03/2022,0.1221,10549.44
11/03/2022,0.0902,7793.28
12/03/2022,0.081,6998.4
13/03/2022,0.0711,6143.04
14/03/2022,0.0949,8199.36
15/03/2022,0.0716,6186.24
16/03/2022,0.2887,24943.68
17/03/2022,1.9593,169283.52
18/03/2022,0.6797,58726.08
19/03/2022,0.4828,41713.92
20/03/2022,0.4368,37739.52
21/03/2022,0.8153,70441.92
22/03/2022,0.6133,52989.12
23/03/2022,2.2528,194641.92
24/03/2022,1.2738,110056.32
25/03/2022,2.6056,225123.84
26/03/2022,1.231,106358.4
27/03/2022,0.8614,74424.96
28/03/2022,0.7305,63115.2
29/03/2022,0.7377,63737.28
30/03/2022,2.3819,205796.16
31/03/2022,1.582,136684.8
01/04/2022,1.0974,94815.36
02/04/2022,0.9189,79392.96
03/04/2022,0.8417,72722.88
04/04/2022,1.0467,90434.88
05/04/2022,4.0855,352987.2
06/04/2022,3.1613,273136.32
07/04/2022,1.7141,148098.24
08/04/2022,1.4156,122307.84
09/04/2022,1.192,102988.8
10/04/2022,1.0977,94841.28
11/04/2022,1.0758,92949.12
12/04/2022,1.0223,88326.72
13/04/2022,1.0363,89536.32
14/04/2022,1.0123,87462.72
15/04/2022,0.8434,72869.76
16/04/2022,0.8395,72532.8
17/04/2022,0.8218,71003.52
18/04/2022,0.7448,64350.72
19/04/2022,0.7636,65975.04
20/04/2022,1.5197,131302.08
21/04/2022,1.1088,95800.32
22/04/2022,0.8878,76705.92
23/04/2022,0.7862,67927.68
24/04/2022,0.717,61948.8
25/04/2022,0.6588,56920.32
26/04/2022,0.6219,53732.16
27/04/2022,0.6657,57516.48
28/04/2022,0.8907,76956.48
29/04/2022,0.7462,64471.68
30/04/2022,0.6623,57222.72
01/05/2022,0.6403,55321.92
02/05/2022,0.6159,53213.76
03/05/2022,0.6423,55494.72
04/05/2022,0.8257,71340.48
05/05/2022,0.7424,64143.36
06/05/2022,0.6232,53844.48
07/05/2022,0.5703,49273.92
08/05/2022,0.569,49161.6
09/05/2022,0.5102,44081.28
10/05/2022,0.5165,44625.6
11/05/2022,0.5083,43917.12
12/05/2022,0.5039,43536.96
13/05/2022,0.4654,40210.56
14/05/2022,0.4724,40815.36
15/05/2022,0.4744,40988.16
16/05/2022,0.4172,36046.08
17/05/2022,0.4128,35665.92
18/05/2022,0.4114,35544.96
19/05/2022,0.374,32313.6
20/05/2022,0.3331,28779.84
21/05/2022,0.3231,27915.84
22/05/2022,0.3202,27665.28
23/05/2022,0.2909,25133.76
24/05/2022,0.2443,21107.52
25/05/2022,0.2619,22628.16
26/05/2022,0.2606,22515.84
27/05/2022,0.2535,21902.4
28/05/2022,0.3128,27025.92
29/05/2022,0.3049,26343.36
30/05/2022,0.2785,24062.4
31/05/2022,0.2162,18679.68
01/06/2022,0.2162,18679.68
02/06/2022,0.2195,18964.8
03/06/2022,0.2494,21548.16
04/06/2022,0.1987,17167.68
05/06/2022,0.1837,15871.68
06/06/2022,0.208,17971.2
07/06/2022,0.2053,17737.92
08/06/2022,0.2178,18817.92
09/06/2022,0.1977,17081.28
10/06/2022,0.2182,18852.48
11/06/2022,0.2593,22403.52
12/06/2022,0.2659,22973.76
13/06/2022,0.2868,24779.52
14/06/2022,0.2444,21116.16
15/06/2022,0.2377,20537.28
16/06/2022,0.1817,15698.88
17/06/2022,0.1803,15577.92
18/06/2022,0.1718,14843.52
19/06/2022,0.1974,17055.36
20/06/2022,0.216,18662.4
21/06/2022,0.2371,20485.44
22/06/2022,0.2294,19820.16
23/06/2022,0.2261,19535.04
24/06/2022,0.2189,18912.96
25/06/2022,0.2225,19224
26/06/2022,0.214,18489.6
27/06/2022,0.2151,18584.64
28/06/2022,0.2192,18938.88
29/06/2022,0.2347,20278.08
30/06/2022,0.239,20649.6
01/07/2022,0.2024,17487.36
02/07/2022,0.1891,16338.24
03/07/2022,0.2032,17556.48
04/07/2022,0.2198,18990.72
05/07/2022,0.2125,18360
06/07/2022,0.2125,18360
07/07/2022,0.2167,18722.88
08/07/2022,0.1912,16519.68
09/07/2022,0.1964,16968.96
10/07/2022,0.1839,15888.96
11/07/2022,0.1545,13348.8
12/07/2022,0.1786,15431.04
13/07/2022,0.1799,15543.36
14/07/2022,0.1816,15690.24
15/07/2022,0.175,15120
16/07/2022,0.1758,15189.12
17/07/2022,0.1404,12130.56
18/07/2022,0.1692,14618.88
19/07/2022,0.1702,14705.28
20/07/2022,0.168,14515.2
21/07/2022,0.1224,10575.36
22/07/2022,0.1259,10877.76
23/07/2022,0.1103,9529.92
24/07/2022,0.0748,6462.72
25/07/2022,0.1034,8933.76
26/07/2022,0.112,9676.8
27/07/2022,0.1266,10938.24
28/07/2022,0.1183,10221.12
29/07/2022,0.1155,9979.2
30/07/2022,0.1035,8942.4
31/07/2022,0.091,7862.4
01/08/2022,0.1089,9408.96
02/08/2022,0.1121,9685.44
03/08/2022,0.1083,9357.12
04/08/2022,0.1062,9175.68
05/08/2022,0.0999,8631.36
06/08/2022,0.1541,13314.24
07/08/2022,0.1599,13815.36
08/08/2022,0.1261,10895.04
09/08/2022,0.1112,9607.68
10/08/2022,0.1073,9270.72
11/08/2022,0.1005,8683.2
12/08/2022,0.129,11145.6
13/08/2022,0.161,13910.4
14/08/2022,0.159,13737.6
15/08/2022,0.1568,13547.52
16/08/2022,0.0965,8337.6
17/08/2022,0.0686,5927.04
18/08/2022,0.0734,6341.76
19/08/2022,0.0685,5918.4
20/08/2022,0.067,5788.8
21/08/2022,0.0507,4380.48
22/08/2022,0.0631,5451.84
23/08/2022,0.0778,6721.92
24/08/2022,0.1034,8933.76
25/08/2022,0.0685,5918.4
26/08/2022,0.0814,7032.96
27/08/2022,0.0797,6886.08
28/08/2022,0.0795,6868.8
29/08/2022,0.0922,7966.08
30/08/2022,0.0681,5883.84
31/08/2022,0.0784,6773.76
01/09/2022,0.0808,6981.12
02/09/2022,0.0646,5581.44
03/09/2022,0.0797,6886.08
04/09/2022,0.082,7084.8
05/09/2022,0.091,7862.4
06/09/2022,0.0901,7784.64
07/09/2022,0.0827,7145.28
08/09/2022,0.0643,5555.52
09/09/2022,0.0776,6704.64
10/09/2022,0.0925,7992
11/09/2022,0.0797,6886.08
12/09/2022,0.0966,8346.24
13/09/2022,0.1001,8648.64
14/09/2022,0.078,6739.2
15/09/2022,0.068,5875.2
16/09/2022,0.0745,6436.8
17/09/2022,0.073,6307.2
18/09/2022,0.0288,2488.32
19/09/2022,0.0358,3093.12
20/09/2022,0.0721,6229.44
21/09/2022,0.0747,6454.08
22/09/2022,0.073,6307.2
23/09/2022,0.0843,7283.52
24/09/2022,0.075,6480
25/09/2022,1.5871,137125.44
26/09/2022,1.4122,122014.08
27/09/2022,0.5005,43243.2
28/09/2022,0.3077,26585.28
29/09/2022,0.1969,17012.16
30/09/2022,0.1623,14022.72
01/10/2022,0.1396,12061.44
02/10/2022,0.1557,13452.48
03/10/2022,0.1362,11767.68
04/10/2022,0.1206,10419.84
05/10/2022,0.1195,10324.8
06/10/2022,1.7542,151562.88
07/10/2022,0.7611,65759.04
08/10/2022,0.5105,44107.2
09/10/2022,0.3784,32693.76
10/10/2022,1.5753,136105.92
11/10/2022,0.9261,80015.04
12/10/2022,0.5067,43778.88
13/10/2022,0.4039,34896.96
14/10/2022,0.3992,34490.88
15/10/2022,0.3215,27777.6
16/10/2022,0.367,31708.8
17/10/2022,0.3946,34093.44
18/10/2022,0.4132,35700.48
19/10/2022,0.4368,37739.52
20/10/2022,0.4304,37186.56
21/10/2022,0.3714,32088.96
22/10/2022,0.3494,30188.16
23/10/2022,0.2953,25513.92
24/10/2022,0.2107,18204.48
25/10/2022,0.2248,19422.72
26/10/2022,0.1949,16839.36
27/10/2022,0.2065,17841.6
28/10/2022,0.2029,17530.56
29/10/2022,0.198,17107.2
30/10/2022,0.1941,16770.24
31/10/2022,0.1983,17133.12
01/11/2022,0.1982,17124.48
02/11/2022,0.1735,14990.4
03/11/2022,0.1781,15387.84
04/11/2022,0.2667,23042.88
05/11/2022,0.241,20822.4
06/11/2022,0.2472,21358.08
07/11/2022,0.2459,21245.76
08/11/2022,0.2509,21677.76
09/11/2022,0.2595,22420.8
10/11/2022,0.331,28598.4
11/11/2022,0.463,40003.2
12/11/2022,0.3887,33583.68
13/11/2022,0.3383,29229.12
14/11/2022,0.3257,28140.48
15/11/2022,0.3488,30136.32
16/11/2022,0.3575,30888
17/11/2022,0.3075,26568
18/11/2022,0.3709,32045.76
19/11/2022,0.306,26438.4
20/11/2022,0.3093,26723.52
21/11/2022,0.3174,27423.36
22/11/2022,0.3007,25980.48
23/11/2022,0.3089,26688.96
24/11/2022,0.3046,26317.44
25/11/2022,0.3008,25989.12
26/11/2022,0.293,25315.2
27/11/2022,0.2952,25505.28
28/11/2022,0.3087,26671.68
29/11/2022,0.2966,25626.24
30/11/2022,0.2768,23915.52
01/12/2022,0.3313,28624.32
02/12/2022,0.7236,62519.04
03/12/2022,0.5041,43554.24
04/12/2022,0.3069,26516.16
05/12/2022,0.2345,20260.8
06/12/2022,0.2218,19163.52
07/12/2022,0.196,16934.4
08/12/2022,0.2005,17323.2
09/12/2022,0.2508,21669.12
10/12/2022,0.2794,24140.16
11/12/2022,0.3136,27095.04
12/12/2022,0.2986,25799.04
13/12/2022,0.2918,25211.52
14/12/2022,0.3069,26516.16
15/12/2022,0.2691,23250.24
16/12/2022,0.2125,18360
17/12/2022,0.2168,18731.52
18/12/2022,0.2386,20615.04
19/12/2022,0.216,18662.4
20/12/2022,0.2567,22178.88
21/12/2022,0.264,22809.6
22/12/2022,0.2534,21893.76
23/12/2022,0.247,21340.8
24/12/2022,0.2364,20424.96
25/12/2022,0.2327,20105.28
26/12/2022,0.2264,19560.96
27/12/2022,0.2312,19975.68
28/12/2022,0.2235,19310.4
29/12/2022,0.2359,20381.76
30/12/2022,0.2234,19301.76
31/12/2022,0.1987,17167.68
01/01/2023,0.1738,15016.32
02/01/2023,0.1647,14230.08
03/01/2023,0.1865,16113.6
04/01/2023,0.221,19094.4
05/01/2023,0.2594,22412.16
06/01/2023,0.257,22204.8
07/01/2023,0.2351,20312.64
08/01/2023,0.2462,21271.68
09/01/2023,0.2017,17426.88
10/01/2023,0.2223,19206.72
11/01/2023,0.2373,20502.72
12/01/2023,0.2054,17746.56
13/01/2023,0.193,16675.2
14/01/2023,0.2003,17305.92
15/01/2023,0.1867,16130.88
16/01/2023,0.1542,13322.88
17/01/2023,0.1724,14895.36
18/01/2023,0.1892,16346.88
19/01/2023,0.1877,16217.28
20/01/2023,0.1888,16312.32
21/01/2023,0.1646,14221.44
22/01/2023,0.1483,12813.12
23/01/2023,0.1648,14238.72
24/01/2023,0.2158,18645.12
25/01/2023,0.2045,17668.8
26/01/2023,0.2202,19025.28
27/01/2023,0.2296,19837.44
28/01/2023,0.2192,18938.88
29/01/2023,0.2146,18541.44
30/01/2023,0.2141,18498.24
31/01/2023,0.1873,16182.72
01/02/2023,0.1554,13426.56
02/02/2023,0.163,14083.2
03/02/2023,0.1896,16381.44
04/02/2023,0.175,15120
05/02/2023,0.1513,13072.32
06/02/2023,0.1486,12839.04
07/02/2023,0.1729,14938.56
08/02/2023,0.1973,17046.72
09/02/2023,0.2195,18964.8
10/02/2023,0.2053,17737.92
11/02/2023,0.1919,16580.16
12/02/2023,0.2086,18023.04
13/02/2023,0.2074,17919.36
14/02/2023,0.2084,18005.76
15/02/2023,0.2083,17997.12
16/02/2023,0.1959,16925.76
17/02/2023,0.2056,17763.84
18/02/2023,0.1997,17254.08
19/02/2023,0.2102,18161.28
20/02/2023,0.2099,18135.36
21/02/2023,0.2107,18204.48
22/02/2023,0.2115,18273.6
23/02/2023,0.2002,17297.28
24/02/2023,0.2088,18040.32
25/02/2023,0.1963,16960.32
26/02/2023,0.1725,14904
27/02/2023,0.1668,14411.52
28/02/2023,0.206,17798.4
01/03/2023,0.2078,17953.92
02/03/2023,0.2158,18645.12
03/03/2023,0.2002,17297.28
04/03/2023,0.2067,17858.88
05/03/2023,0.2084,18005.76
06/03/2023,0.2083,17997.12
07/03/2023,0.2082,17988.48
08/03/2023,0.2068,17867.52
09/03/2023,0.1862,16087.68
10/03/2023,0.2044,17660.16
11/03/2023,0.1976,17072.64
12/03/2023,0.1417,12242.88
13/03/2023,0.1224,10575.36
14/03/2023,0.1821,15733.44
15/03/2023,0.17999,15551.136
16/03/2023,0.18162,15691.968
17/03/2023,0.19452,16806.528
18/03/2023,0.20858,18021.312
19/03/2023,0.20696,17881.344
20/03/2023,0.2064,17832.96
21/03/2023,0.19219,16605.216
22/03/2023,0.19596,16930.944
23/03/2023,0.19017,16430.688
24/03/2023,0.16175,13975.2
25/03/2023,0.14014,12108.096
26/03/2023,0.13,11232
27/03/2023,0.13833,11951.712
28/03/2023,0.18989,16406.496
29/03/2023,0.17356,14995.584
30/03/2023,0.13194,11399.616
31/03/2023,0.18593,16064.352
01/04/2023,0.13592,11743.488
02/04/2023,0.18202,15726.528
03/04/2023,0.16952,14646.528
04/04/2023,0.15974,13801.536
05/04/2023,0.11766,10165.824
06/04/2023,0.15783,13636.512
07/04/2023,0.16364,14138.496
08/04/2023,0.15694,13559.616
09/04/2023,0.19677,17000.928
10/04/2023,0.19021,16434.144
11/04/2023,0.19737,17052.768
12/04/2023,0.18823,16263.072
13/04/2023,0.12802,11060.928
14/04/2023,0.13666,11807.424
15/04/2023,0.09943,8590.752
16/04/2023,0.09649,8336.736
17/04/2023,0.09261,8001.504
18/04/2023,0.09291,8027.424
19/04/2023,0.08512,7354.368
20/04/2023,0.08928,7713.792
21/04/2023,0.14674,12678.336
22/04/2023,0.14549,12570.336
23/04/2023,0.12359,10678.176
24/04/2023,0.06978,6028.992
25/04/2023,0.07658,6616.512
26/04/2023,0.07946,6865.344
27/04/2023,0.08252,7129.728
28/04/2023,0.08722,7535.808
29/04/2023,0.0855,7387.2
30/04/2023,0.08287,7159.968
01/05/2023,0.11027,9527.328
02/05/2023,0.1182,10212.48
03/05/2023,0.11455,9897.12
04/05/2023,0.08118,7013.952
05/05/2023,0.07076,6113.664
06/05/2023,0.07457,6442.848
07/05/2023,0.07606,6571.584
08/05/2023,0.06886,5949.504
09/05/2023,0.0704,6082.56
10/05/2023,0.06461,5582.304
11/05/2023,0.06811,5884.704
12/05/2023,0.1057,9132.48
13/05/2023,0.17709,15300.576
14/05/2023,0.14932,12901.248
15/05/2023,0.09234,7978.176
16/05/2023,0.10826,9353.664
17/05/2023,0.10141,8761.824
18/05/2023,0.08991,7768.224
19/05/2023,0.11023,9523.872
20/05/2023,0.12908,11152.512
21/05/2023,0.12499,10799.136
22/05/2023,0.1643,14195.52
23/05/2023,0.84558,73058.112
24/05/2023,0.44632,38562.048
25/05/2023,0.21217,18331.488
26/05/2023,0.15999,13823.136
27/05/2023,0.1544,13340.16
28/05/2023,0.14804,12790.656
29/05/2023,0.1996,17245.44
30/05/2023,1.32437,114425.568
31/05/2023,1.18065,102008.16
01/06/2023,0.2835,24494.4
02/06/2023,0.1484,12821.76
03/06/2023,0.13909,12017.376
04/06/2023,0.12315,10640.16
05/06/2023,0.12024,10388.736
06/06/2023,0.12348,10668.672
07/06/2023,0.1398,12078.72
08/06/2023,0.14813,12798.432
09/06/2023,0.12885,11132.64
10/06/2023,0.11548,9977.472
11/06/2023,0.10612,9168.768
12/06/2023,0.09603,8296.992
13/06/2023,0.14081,12165.984
14/06/2023,0.32067,27705.888
15/06/2023,0.19999,17279.136
16/06/2023,0.19737,17052.768
17/06/2023,0.20023,17299.872
18/06/2023,0.20811,17980.704
19/06/2023,0.20548,17753.472
20/06/2023,0.1917,16562.88
21/06/2023,0.19574,16911.936
22/06/2023,0.19306,16680.384
23/06/2023,0.18112,15648.768
24/06/2023,0.19284,16661.376
25/06/2023,0.19461,16814.304
26/06/2023,0.18035,15582.24
27/06/2023,0.17403,15036.192
28/06/2023,0.18781,16226.784
29/06/2023,0.19277,16655.328
30/06/2023,0.17462,15087.168
01/07/2023,0.16666,14399.424
02/07/2023,0.1778,15361.92
03/07/2023,0.17305,14951.52
04/07/2023,0.16469,14229.216
05/07/2023,0.14755,12748.32
06/07/2023,0.14708,12707.712
07/07/2023,0.15612,13488.768
08/07/2023,0.13754,11883.456
09/07/2023,0.10258,8862.912
10/07/2023,0.1042,9002.88
11/07/2023,0.1166,10074.24
12/07/2023,0.09439,8155.296
13/07/2023,0.10358,8949.312
14/07/2023,0.13139,11352.096
15/07/2023,0.18541,16019.424
16/07/2023,0.19378,16742.592
17/07/2023,0.1428,12337.92
18/07/2023,0.08658,7480.512
19/07/2023,0.09219,7965.216
20/07/2023,0.12167,10512.288
21/07/2023,0.1289,11136.96
22/07/2023,0.13739,11870.496
23/07/2023,0.15705,13569.12
24/07/2023,0.14324,12375.936
25/07/2023,0.12695,10968.48
26/07/2023,0.13468,11636.352
27/07/2023,0.1351,11672.64
28/07/2023,0.14807,12793.248
29/07/2023,0.14887,12862.368
30/07/2023,0.15741,13600.224
31/07/2023,0.12469,10773.216
01/08/2023,0.14003,12098.592
02/08/2023,0.13504,11667.456
03/08/2023,0.10951,9461.664
04/08/2023,0.10021,8658.144
05/08/2023,0.08202,7086.528
06/08/2023,0.12807,11065.248
07/08/2023,0.12436,10744.704
08/08/2023,0.09247,7989.408
09/08/2023,0.09585,8281.44
10/08/2023,0.09813,8478.432
11/08/2023,0.10047,8680.608
12/08/2023,0.0868,7499.52
13/08/2023,0.11001,9504.864
14/08/2023,0.13041,11267.424
15/08/2023,0.11918,10297.152
16/08/2023,0.09297,8032.608
17/08/2023,0.11574,9999.936
18/08/2023,0.1276,11024.64
19/08/2023,0.11825,10216.8
20/08/2023,0.07492,6473.088
21/08/2023,0.06076,5249.664
22/08/2023,0.09817,8481.888
23/08/2023,0.09631,8321.184
24/08/2023,0.08302,7172.928
25/08/2023,0.1114,9624.96
26/08/2023,0.12096,10450.944
27/08/2023,0.0584,5045.76
28/08/2023,0.0507,4380.48
29/08/2023,0.08004,6915.456
30/08/2023,0.08355,7218.72
31/08/2023,0.02993,2585.952
01/09/2023,0.04951,4277.664
02/09/2023,0.09436,8152.704
03/09/2023,0.20827,17994.528
04/09/2023,0.10424,9006.336
05/09/2023,0.16794,14510.016
06/09/2023,0.11147,9631.008
07/09/2023,0.11091,9582.624
08/09/2023,0.08746,7556.544
09/09/2023,0.12656,10934.784
10/09/2023,0.12816,11073.024
11/09/2023,0.1103,9529.92
12/09/2023,0.10601,9159.264
13/09/2023,0.10547,9112.608
14/09/2023,0.12171,10515.744
15/09/2023,0.13736,11867.904
16/09/2023,0.16565,14312.16
17/09/2023,0.15712,13575.168
18/09/2023,0.12032,10395.648
19/09/2023,0.14076,12161.664
20/09/2023,0.12813,11070.432
21/09/2023,0.1136,9815.04
22/09/2023,0.16435,14199.84
23/09/2023,0.15406,13310.784
24/09/2023,0.16243,14033.952
25/09/2023,0.11177,9656.928
26/09/2023,0.11968,10340.352
27/09/2023,0.09899,8552.736
28/09/2023,0.12751,11016.864
29/09/2023,0.1473,12726.72
30/09/2023,0.06195,5352.48
01/10/2023,0.05744,4962.816
02/10/2023,0.07678,6633.792
03/10/2023,0.09025,7797.6
04/10/2023,0.11605,10026.72
05/10/2023,0.07403,6396.192
06/10/2023,0.07406,6398.784
07/10/2023,0.09037,7807.968
08/10/2023,0.07092,6127.488
09/10/2023,0.08799,7602.336
10/10/2023,0.11845,10234.08
11/10/2023,0.11539,9969.696
12/10/2023,0.11309,9770.976
13/10/2023,0.13049,11274.336
14/10/2023,0.1357,11724.48
15/10/2023,0.14099,12181.536
16/10/2023,0.12806,11064.384
17/10/2023,0.12434,10742.976
18/10/2023,0.07742,6689.088
19/10/2023,0.08304,7174.656
20/10/2023,0.13682,11821.248
21/10/2023,0.11227,9700.128
22/10/2023,0.06225,5378.4
23/10/2023,0.09482,8192.448
24/10/2023,0.11725,10130.4
25/10/2023,0.09375,8100
26/10/2023,0.06711,5798.304
27/10/2023,0.09403,8124.192
28/10/2023,0.1103,9529.92
29/10/2023,0.08212,7095.168
30/10/2023,0.08477,7324.128
31/10/2023,0.07169,6194.016
01/11/2023,0.09127,7885.728
02/11/2023,0.06183,5342.112
03/11/2023,0.0813,7024.32
04/11/2023,0.07165,6190.56
05/11/2023,0.11545,9974.88
06/11/2023,0.07979,6893.856
07/11/2023,0.12324,10647.936
08/11/2023,0.11179,9658.656
09/11/2023,0.07247,6261.408
10/11/2023,0.09511,8217.504
11/11/2023,0.08726,7539.264
12/11/2023,0.11014,9516.096
13/11/2023,0.10912,9427.968
14/11/2023,0.1081,9339.84
15/11/2023,0.06808,5882.112
16/11/2023,0.05392,4658.688
17/11/2023,0.05099,4405.536
18/11/2023,0.06699,5787.936
19/11/2023,0.09097,7859.808
20/11/2023,0.07962,6879.168
21/11/2023,0.06435,5559.84
22/11/2023,0.06321,5461.344
23/11/2023,0.06391,5521.824
24/11/2023,0.10762,9298.368
25/11/2023,0.1209,10445.76
26/11/2023,0.06677,5768.928
27/11/2023,0.10183,8798.112
28/11/2023,0.13064,11287.296
29/11/2023,0.12477,10780.128
30/11/2023,0.0999,8631.36
01/12/2023,0.10429,9010.656
02/12/2023,0.08298,7169.472
03/12/2023,0.04171,3603.744
04/12/2023,0.05286,4567.104
05/12/2023,0.09898,8551.872
06/12/2023,0.16091,13902.624
07/12/2023,0.14068,12154.752
08/12/2023,0.13968,12068.352
09/12/2023,0.09563,8262.432
10/12/2023,0.12003,10370.592
11/12/2023,0.14753,12746.592
12/12/2023,0.11585,10009.44
13/12/2023,0.16558,14306.112
14/12/2023,0.13543,11701.152
15/12/2023,0.11,9504
16/12/2023,0.11791,10187.424
17/12/2023,0.1193,10307.52
18/12/2023,0.12049,10410.336
19/12/2023,0.14812,12797.568
20/12/2023,0.15644,13516.416
21/12/2023,0.14721,12718.944
22/12/2023,0.15321,13237.344
23/12/2023,0.15073,13023.072
24/12/2023,0.14165,12238.56
25/12/2023,0.0874,7551.36
26/12/2023,0.0834,7205.76
27/12/2023,0.13595,11746.08
28/12/2023,0.15143,13083.552
29/12/2023,0.1526,13184.64
30/12/2023,0.15515,13404.96
31/12/2023,0.1591,13746.24
01/01/2024,0.15119,13062.816
02/01/2024,0.11965,10337.76
03/01/2024,0.13941,12045.024
04/01/2024,0.16405,14173.92
05/01/2024,0.16007,13830.048
06/01/2024,0.14814,12799.296
07/01/2024,0.14197,12266.208
08/01/2024,0.14438,12474.432
09/01/2024,0.15198,13131.072
10/01/2024,0.13683,11822.112
11/01/2024,0.11083,9575.712
12/01/2024,0.12433,10742.112
13/01/2024,0.1481,12795.84
14/01/2024,0.15713,13576.032
15/01/2024,0.15696,13561.344
16/01/2024,0.15315,13232.16
17/01/2024,0.13043,11269.152
18/01/2024,0.11269,9736.416
19/01/2024,0.10325,8920.8
20/01/2024,0.08447,7298.208
21/01/2024,0.03821,3301.344
22/01/2024,0.05393,4659.552
23/01/2024,0.12071,10429.344
24/01/2024,0.12273,10603.872
25/01/2024,0.12302,10628.928
26/01/2024,0.12344,10665.216
27/01/2024,0.13913,12020.832
28/01/2024,0.09354,8081.856
29/01/2024,0.09978,8620.992
30/01/2024,0.13009,11239.776
31/01/2024,0.13903,12012.192
01/02/2024,0.1398,12078.72
02/02/2024,0.12065,10424.16
03/02/2024,0.11699,10107.936
04/02/2024,0.07493,6473.952
05/02/2024,0.11602,10024.128
06/02/2024,0.13015,11244.96
07/02/2024,0.13192,11397.888
08/02/2024,0.13856,11971.584
09/02/2024,0.13855,11970.72
10/02/2024,0.14989,12950.496
11/02/2024,0.13865,11979.36
12/02/2024,0.07126,6156.864
13/02/2024,0.10825,9352.8
14/02/2024,0.10261,8865.504
15/02/2024,0.12685,10959.84
16/02/2024,0.1184,10229.76
17/02/2024,0.1388,11992.32
18/02/2024,0.13778,11904.192
19/02/2024,0.10224,8833.536
20/02/2024,0.08737,7548.768
21/02/2024,0.10284,8885.376
22/02/2024,0.12486,10787.904
23/02/2024,0.10379,8967.456
24/02/2024,0.09922,8572.608
25/02/2024,0.08137,7030.368
26/02/2024,0.08804,7606.656
27/02/2024,0.10059,8690.976
28/02/2024,0.10657,9207.648
29/02/2024,0.10472,9047.808
01/03/2024,0.10969,9477.216
02/03/2024,0.10032,8667.648
03/03/2024,0.06284,5429.376
04/03/2024,0.06555,5663.52
05/03/2024,0.09778,8448.192
06/03/2024,0.09495,8203.68
07/03/2024,0.05764,4980.096
08/03/2024,0.07038,6080.832
09/03/2024,0.16418,14185.152
10/03/2024,0.18204,15728.256
11/03/2024,0.09044,7814.016
12/03/2024,0.07357,6356.448
13/03/2024,0.10858,9381.312
14/03/2024,0.10307,8905.248
15/03/2024,0.09407,8127.648
16/03/2024,0.1172,10126.08
17/03/2024,0.08856,7651.584
18/03/2024,0.09689,8371.296
19/03/2024,0.12097,10451.808
20/03/2024,0.12502,10801.728
21/03/2024,0.11767,10166.688
22/03/2024,0.09855,8514.72
23/03/2024,0.15265,13188.96
24/03/2024,0.14427,12464.928
25/03/2024,0.20378,17606.592
26/03/2024,0.18242,15761.088
27/03/2024,0.12707,10978.848
28/03/2024,0.12845,11098.08
29/03/2024,0.14756,12749.184
30/03/2024,0.10202,8814.528
31/03/2024,0.123,10627.2
01/04/2024,0.06328,5467.392
02/04/2024,0.14257,12318.048
03/04/2024,0.13436,11608.704
04/04/2024,0.09977,8620.128
05/04/2024,0.09041,7811.424
06/04/2024,0.10482,9056.448
07/04/2024,0.10542,9108.288
08/04/2024,0.10307,8905.248
09/04/2024,0.15066,13017.024
10/04/2024,0.15397,13303.008
11/04/2024,0.11765,10164.96
12/04/2024,0.0903,7801.92
13/04/2024,0.10115,8739.36
14/04/2024,0.07873,6802.272
15/04/2024,0.08225,7106.4
16/04/2024,0.06697,5786.208
17/04/2024,0.1013,8752.32
18/04/2024,0.10346,8938.944
19/04/2024,0.10651,9202.464
20/04/2024,0.12018,10383.552
21/04/2024,0.1192,10298.88
22/04/2024,0.11772,10171.008
23/04/2024,0.12523,10819.872
24/04/2024,0.10358,8949.312
25/04/2024,0.08215,7097.76
26/04/2024,0.09171,7923.744
27/04/2024,0.13046,11271.744
28/04/2024,0.19547,16888.608
29/04/2024,0.14943,12910.752
30/04/2024,0.12496,10796.544
01/05/2024,0.17212,14871.168
02/05/2024,0.14238,12301.632
03/05/2024,0.14759,12751.776
04/05/2024,0.15043,12997.152
05/05/2024,0.13778,11904.192
06/05/2024,0.13681,11820.384
07/05/2024,0.13263,11459.232
08/05/2024,0.11237,9708.768
09/05/2024,0.13395,11573.28
10/05/2024,0.13142,11354.688
11/05/2024,0.13386,11565.504
12/05/2024,0.12082,10438.848
13/05/2024,0.11699,10107.936
14/05/2024,0.13774,11900.736
15/05/2024,0.11233,9705.312
16/05/2024,0.11901,10282.464
17/05/2024,0.10794,9326.016
18/05/2024,0.07569,6539.616
19/05/2024,0.05844,5049.216
20/05/2024,0.06467,5587.488
21/05/2024,0.07739,6686.496
22/05/2024,0.076,6566.4
23/05/2024,0.08357,7220.448
24/05/2024,0.08885,7676.64
25/05/2024,0.08462,7311.168
26/05/2024,0.05694,4919.616
27/05/2024,0.09494,8202.816
28/05/2024,0.10394,8980.416
29/05/2024,0.08123,7018.272
30/05/2024,0.08951,7733.664
31/05/2024,0.09901,8554.464
01/06/2024,0.09092,7855.488
02/06/2024,0.06171,5331.744
03/06/2024,0.05235,4523.04
04/06/2024,0.09113,7873.632
05/06/2024,0.09147,7903.008
06/06/2024,0.08159,7049.376
07/06/2024,0.0826,7136.64
08/06/2024,0.08675,7495.2
09/06/2024,0.08308,7178.112
10/06/2024,0.09291,8027.424
11/06/2024,0.09687,8369.568
12/06/2024,1.14329,98780.256
13/06/2024,0.77251,66744.864
14/06/2024,0.37735,32603.04
15/06/2024,0.28483,24609.312
16/06/2024,0.36967,31939.488
17/06/2024,0.27262,23554.368
18/06/2024,0.22466,19410.624
19/06/2024,0.18466,15954.624
20/06/2024,0.20096,17362.944
21/06/2024,0.18419,15914.016
22/06/2024,0.14226,12291.264
23/06/2024,0.14359,12406.176
24/06/2024,0.15581,13461.984
25/06/2024,0.16043,13861.152
26/06/2024,0.16589,14332.896
27/06/2024,0.17757,15342.048
28/06/2024,0.16383,14154.912
29/06/2024,0.1831,15819.84
30/06/2024,0.18108,15645.312
01/07/2024,0.18128,15662.592
02/07/2024,0.16994,14682.816
03/07/2024,0.15409,13313.376
04/07/2024,0.15291,13211.424
05/07/2024,0.12742,11009.088
06/07/2024,0.13348,11532.672
07/07/2024,0.12888,11135.232
08/07/2024,0.12157,10503.648
09/07/2024,0.12483,10785.312
10/07/2024,NA,NA
11/07/2024,NA,NA
12/07/2024,0.05892,5090.688
13/07/2024,0.11625,10044
14/07/2024,0.10807,9337.248
15/07/2024,0.10238,8845.632
16/07/2024,0.1022,8830.08
17/07/2024,0.0815,7041.6
18/07/2024,0.08626,7452.864
19/07/2024,0.06415,5542.56
20/07/2024,0.09115,7875.36
21/07/2024,0.07691,6645.024
22/07/2024,0.07522,6499.008
23/07/2024,0.05881,5081.184
24/07/2024,0.05671,4899.744
25/07/2024,0.09082,7846.848
26/07/2024,0.09273,8011.872
27/07/2024,0.08012,6922.368
28/07/2024,0.0404,3490.56
29/07/2024,0.06474,5593.536
30/07/2024,0.05426,4688.064
31/07/2024,0.06536,5647.104
01/08/2024,0.06914,5973.696
02/08/2024,0.06101,5271.264
03/08/2024,0.03939,3403.296
04/08/2024,0.04836,4178.304
05/08/2024,0.04671,4035.744
06/08/2024,0.03132,2706.048
07/08/2024,0.02148,1855.872
08/08/2024,0.01995,1723.68
09/08/2024,0.01415,1222.56
10/08/2024,0.00665,574.56
11/08/2024,0.0092,794.88
12/08/2024,0.01439,1243.296
13/08/2024,0.02336,2018.304
14/08/2024,0.04213,3640.032
15/08/2024,0.01521,1314.144
16/08/2024,0.01654,1429.056
17/08/2024,0.06359,5494.176
18/08/2024,0.04931,4260.384
19/08/2024,0.03314,2863.296
20/08/2024,0.03597,3107.808
21/08/2024,0.02026,1750.464
22/08/2024,0.02578,2227.392
23/08/2024,0.01827,1578.528
24/08/2024,0.02521,2178.144
25/08/2024,0.05776,4990.464
26/08/2024,0.02502,2161.728
27/08/2024,0.05319,4595.616
28/08/2024,0.07084,6120.576
29/08/2024,0.06906,5966.784
30/08/2024,0.05038,4352.832
31/08/2024,0.06006,5189.184
01/09/2024,0.05714,4936.896
02/09/2024,0.05735,4955.04
03/09/2024,0.04264,3684.096
04/09/2024,0.07443,6430.752
05/09/2024,0.05755,4972.32
06/09/2024,0.0313,2704.32
07/09/2024,0.03365,2907.36
08/09/2024,0.028,2419.2
09/09/2024,0.0375,3240
10/09/2024,0.00916,791.424
11/09/2024,0.02383,2058.912
12/09/2024,0.01811,1564.704
13/09/2024,0.06003,5186.592
14/09/2024,0.06319,5459.616
15/09/2024,0.01327,1146.528
16/09/2024,0.03685,3183.84
17/09/2024,0.04998,4318.272
18/09/2024,0.05282,4563.648
19/09/2024,0.04707,4066.848
20/09/2024,0.03416,2951.424
21/09/2024,0.02644,2284.416
22/09/2024,0.03004,2595.456
23/09/2024,0.0574,4959.36
24/09/2024,0.06928,5985.792
25/09/2024,0.05846,5050.944
26/09/2024,0.04537,3919.968
27/09/2024,0.02607,2252.448
28/09/2024,0.02046,1767.744
29/09/2024,0.02426,2096.064
30/09/2024,0.01729,1493.856
01/10/2024,0.02039,1761.696
02/10/2024,0.05234,4522.176
03/10/2024,0.01066,921.024
04/10/2024,0.00396,342.144
05/10/2024,0.01661,1435.104
06/10/2024,0.01623,1402.272
07/10/2024,0.01967,1699.488
08/10/2024,0.01767,1526.688
09/10/2024,0.02517,2174.688
10/10/2024,0.02976,2571.264
11/10/2024,0.0317,2738.88
12/10/2024,0.03223,2784.672
13/10/2024,0.028,2419.2
14/10/2024,0.04086,3530.304
15/10/2024,0.07239,6254.496
16/10/2024,0.04019,3472.416
17/10/2024,0.03077,2658.528
18/10/2024,0.04953,4279.392
19/10/2024,0.0296,2557.44
20/10/2024,0.0557,4812.48
21/10/2024,0.04308,3722.112
22/10/2024,0.03264,2820.096
23/10/2024,0.08563,7398.432
24/10/2024,0.06517,5630.688
25/10/2024,0.04851,4191.264
26/10/2024,0.0507,4380.48
27/10/2024,0.05925,5119.2
28/10/2024,0.09496,8204.544
29/10/2024,0.51301,44324.064
30/10/2024,0.14882,12858.048
31/10/2024,0.13794,11918.016
01/11/2024,0.14875,12852
02/11/2024,0.1393,12035.52
03/11/2024,0.17055,14735.52
04/11/2024,0.13376,11556.864
05/11/2024,0.14066,12153.024
06/11/2024,0.14067,12153.888
07/11/2024,0.149,12873.6
08/11/2024,0.14311,12364.704
09/11/2024,0.13541,11699.424
10/11/2024,0.15382,13290.048
11/11/2024,0.12294,10622.016
12/11/2024,0.15533,13420.512
13/11/2024,0.41521,35874.144
14/11/2024,0.16595,14338.08
15/11/2024,0.17364,15002.496
16/11/2024,0.15539,13425.696
17/11/2024,0.1704,14722.56
18/11/2024,0.15372,13281.408
19/11/2024,0.12699,10971.936
20/11/2024,0.11626,10044.864
21/11/2024,0.14932,12901.248
22/11/2024,0.14514,12540.096
23/11/2024,0.15492,13385.088
24/11/2024,0.15443,13342.752
25/11/2024,0.14431,12468.384
26/11/2024,0.1323,11430.72
27/11/2024,0.15908,13744.512
28/11/2024,0.1589,13728.96
29/11/2024,0.14187,12257.568
30/11/2024,0.11697,10106.208
01/12/2024,0.08368,7229.952
02/12/2024,0.10238,8845.632
03/12/2024,0.13812,11933.568
04/12/2024,0.13305,11495.52
05/12/2024,0.11032,9531.648
06/12/2024,0.13654,11797.056
07/12/2024,0.09584,8280.576
08/12/2024,0.10072,8702.208
09/12/2024,0.1126,9728.64
10/12/2024,0.09097,7859.808
11/12/2024,0.07586,6554.304
12/12/2024,0.07207,6226.848
13/12/2024,0.07761,6705.504
14/12/2024,0.07162,6187.968
15/12/2024,0.06753,5834.592
16/12/2024,0.07644,6604.416
17/12/2024,0.10419,9002.016
18/12/2024,0.05906,5102.784
19/12/2024,0.0614,5304.96
20/12/2024,0.07664,6621.696
21/12/2024,0.06931,5988.384
22/12/2024,0.0951,8216.64
23/12/2024,0.08184,7070.976
24/12/2024,0.06433,5558.112
25/12/2024,0.0475,4104
26/12/2024,0.04594,3969.216
27/12/2024,0.05027,4343.328
28/12/2024,0.05683,4910.112
29/12/2024,0.05256,4541.184
30/12/2024,0.04966,4290.624
31/12/2024,0.11143,9627.552
01/01/2025,0.16448,14211.072
02/01/2025,0.13886,11997.504
03/01/2025,0.16144,13948.416
04/01/2025,0.13517,11678.688
05/01/2025,0.06608,5709.312
06/01/2025,0.09336,8066.304
07/01/2025,0.08687,7505.568
08/01/2025,0.09274,8012.736
09/01/2025,0.09963,8608.032
10/01/2025,0.09574,8271.936
11/01/2025,0.09892,8546.688
12/01/2025,0.06204,5360.256
13/01/2025,0.083,7171.2
14/01/2025,0.12775,11037.6
15/01/2025,0.11032,9531.648
16/01/2025,0.09116,7876.224
17/01/2025,0.09185,7935.84
18/01/2025,0.11007,9510.048
19/01/2025,0.0789,6816.96
20/01/2025,0.06766,5845.824
21/01/2025,0.07724,6673.536
22/01/2025,0.07509,6487.776
23/01/2025,0.07398,6391.872
24/01/2025,0.07918,6841.152
25/01/2025,0.07227,6244.128
26/01/2025,0.0861,7439.04
27/01/2025,0.08142,7034.688
28/01/2025,0.08331,7197.984
29/01/2025,0.07961,6878.304
30/01/2025,0.03125,2700
31/01/2025,0.0683,5901.12
01/02/2025,0.08412,7267.968
02/02/2025,0.1277,11033.28
03/02/2025,0.07461,6446.304
04/02/2025,0.06303,5445.792
05/02/2025,0.1033,8925.12
06/02/2025,0.07428,6417.792
07/02/2025,0.07105,6138.72
08/02/2025,0.05404,4669.056
09/02/2025,0.04367,3773.088
10/02/2025,0.05929,5122.656
11/02/2025,0.05769,4984.416
12/02/2025,0.06684,5774.976
13/02/2025,0.04982,4304.448
14/02/2025,0.06108,5277.312
15/02/2025,0.10749,9287.136
16/02/2025,0.1279,11050.56
17/02/2025,0.11092,9583.488
18/02/2025,0.06148,5311.872
19/02/2025,0.08097,6995.808
20/02/2025,0.11734,10138.176
21/02/2025,0.08509,7351.776
22/02/2025,0.08528,7368.192
23/02/2025,0.1018,8795.52
24/02/2025,0.07065,6104.16
25/02/2025,0.09333,8063.712
26/02/2025,0.08174,7062.336
27/02/2025,0.06147,5311.008
28/02/2025,0.08399,7256.736
01/03/2025,0.21565,18632.16
02/03/2025,5.2006,449331.84
03/03/2025,0.82422,71212.608
04/03/2025,0.31752,27433.728
05/03/2025,0.58907,50895.648
06/03/2025,6.54186,565216.704
07/03/2025,0.67243,58097.952
08/03/2025,0.36942,31917.888
09/03/2025,0.31977,27628.128
10/03/2025,0.24436,21112.704
11/03/2025,0.2476,21392.64
12/03/2025,0.30393,26259.552
13/03/2025,0.33824,29223.936
14/03/2025,0.39031,33722.784
15/03/2025,0.37806,32664.384
16/03/2025,0.2505,21643.2
17/03/2025,0.26206,22641.984
18/03/2025,4.31439,372763.296
19/03/2025,1.04312,90125.568
20/03/2025,0.37877,32725.728
21/03/2025,0.40163,34700.832
22/03/2025,0.34964,30208.896
23/03/2025,0.30695,26520.48
24/03/2025,0.27312,23597.568
25/03/2025,0.25469,22005.216
26/03/2025,0.24057,20785.248
27/03/2025,0.23465,20273.76
28/03/2025,0.23832,20590.848
29/03/2025,0.22062,19061.568
30/03/2025,0.1941,16770.24
31/03/2025,0.17612,15216.768
01/04/2025,0.22402,19355.328
02/04/2025,0.23792,20556.288
03/04/2025,0.23354,20177.856
04/04/2025,0.18901,16330.464
05/04/2025,0.16898,14599.872
06/04/2025,0.18991,16408.224
07/04/2025,0.18338,15844.032
08/04/2025,0.15808,13658.112
09/04/2025,0.17984,15538.176
10/04/2025,0.18962,16383.168
11/04/2025,0.15249,13175.136
12/04/2025,0.20486,17699.904
13/04/2025,0.20582,17782.848
14/04/2025,0.21437,18521.568
15/04/2025,0.2015,17409.6
16/04/2025,0.19846,17146.944
17/04/2025,0.21415,18502.56
18/04/2025,0.20491,17704.224
19/04/2025,0.14798,12785.472
20/04/2025,0.15205,13137.12
21/04/2025,0.21227,18340.128
22/04/2025,0.22104,19097.856
23/04/2025,0.21669,18722.016
24/04/2025,0.17157,14823.648
25/04/2025,0.14161,12235.104
26/04/2025,0.15724,13585.536
27/04/2025,0.19803,17109.792
28/04/2025,0.26148,22591.872
29/04/2025,0.2415,20865.6
30/04/2025,0.2385,20606.4
01/05/2025,0.23714,20488.896
02/05/2025,0.20957,18106.848
03/05/2025,0.23303,20133.792
04/05/2025,0.23536,20335.104
05/05/2025,0.22171,19155.744
06/05/2025,0.22529,19465.056
07/05/2025,0.1613,13936.32
08/05/2025,0.131,11318.4
09/05/2025,0.11987,10356.768
10/05/2025,0.11747,10149.408
11/05/2025,0.09168,7921.152
12/05/2025,0.0996,8605.44
13/05/2025,0.1305,11275.2
14/05/2025,0.10166,8783.424
15/05/2025,0.10084,8712.576
16/05/2025,0.11781,10178.784
17/05/2025,0.08322,7190.208
18/05/2025,0.11685,10095.84
19/05/2025,0.1062,9175.68
20/05/2025,0.0674,5823.36
21/05/2025,0.05673,4901.472
22/05/2025,0.05753,4970.592
23/05/2025,0.1456,12579.84
24/05/2025,0.17273,14923.872
25/05/2025,0.13398,11575.872
26/05/2025,0.10595,9154.08
27/05/2025,0.0937,8095.68
28/05/2025,0.10138,8759.232
29/05/2025,0.09374,8099.136
30/05/2025,0.08391,7249.824
31/05/2025,0.06055,5231.52
01/06/2025,0.06523,5635.872
02/06/2025,0.11482,9920.448
03/06/2025,0.10421,9003.744
04/06/2025,0.10454,9032.256
05/06/2025,0.09019,7792.416
06/06/2025,0.12579,10868.256
07/06/2025,0.17258,14910.912
08/06/2025,0.11497,9933.408
09/06/2025,0.13223,11424.672
10/06/2025,0.10558,9122.112
11/06/2025,0.05468,4724.352
12/06/2025,0.07621,6584.544
13/06/2025,0.09491,8200.224
14/06/2025,0.09224,7969.536
15/06/2025,0.09276,8014.464
16/06/2025,0.07795,6734.88
17/06/2025,0.07059,6098.976
18/06/2025,0.09284,8021.376
19/06/2025,0.09086,7850.304
20/06/2025,0.04596,3970.944
21/06/2025,0.06835,5905.44
22/06/2025,0.06711,5798.304
23/06/2025,0.07044,6086.016
24/06/2025,0.05691,4917.024
25/06/2025,0.06216,5370.624
26/06/2025,0.05394,4660.416
27/06/2025,0.05433,4694.112
28/06/2025,0.07076,6113.664
29/06/2025,0.09575,8272.8
30/06/2025,0.09455,8169.12
01/07/2025,0.05353,4624.992
02/07/2025,0.05005,4324.32
03/07/2025,0.06061,5236.704
04/07/2025,0.05478,4732.992
05/07/2025,0.04931,4260.384
06/07/2025,0.06128,5294.592
07/07/2025,0.06934,5990.976
08/07/2025,0.05128,4430.592
09/07/2025,0.04631,4001.184
10/07/2025,0.0393,3395.52
11/07/2025,0.03239,2798.496
12/07/2025,0.05709,4932.576
13/07/2025,0.0505,4363.2
14/07/2025,0.09385,8108.64
15/07/2025,0.06974,6025.536
16/07/2025,0.06378,5510.592
17/07/2025,0.06476,5595.264
18/07/2025,0.05858,5061.312
19/07/2025,0.05969,5157.216
20/07/2025,0.04271,3690.144
21/07/2025,0.06772,5851.008
22/07/2025,0.04586,3962.304
23/07/2025,0.04444,3839.616
24/07/2025,0.05553,4797.792
25/07/2025,0.15159,13097.376
26/07/2025,0.10965,9473.76
27/07/2025,0.06676,5768.064
28/07/2025,0.07607,6572.448
29/07/2025,0.09886,8541.504
30/07/2025,0.07759,6703.776
31/07/2025,0.04933,4262.112
01/08/2025,0.0606,5235.84
02/08/2025,0.08581,7413.984
03/08/2025,0.07769,6712.416
04/08/2025,0.08061,6964.704
05/08/2025,0.05562,4805.568
06/08/2025,0.01497,1293.408
07/08/2025,0.06012,5194.368
08/08/2025,0.07675,6631.2
09/08/2025,0.0481,4155.84
10/08/2025,0.02612,2256.768
11/08/2025,0.05165,4462.56
12/08/2025,0.05092,4399.488
13/08/2025,0.04146,3582.144
14/08/2025,0.05734,4954.176
15/08/2025,0.07749,6695.136
16/08/2025,0.05578,4819.392
17/08/2025,0.0647,5590.08
18/08/2025,0.01901,1642.464
19/08/2025,0.03394,2932.416
20/08/2025,0.0347,2998.08
21/08/2025,0.05472,4727.808
22/08/2025,0.05758,4974.912
23/08/2025,0.13045,11270.88
24/08/2025,0.07393,6387.552
25/08/2025,0.04748,4102.272
26/08/2025,0.07266,6277.824
27/08/2025,0.04716,4074.624
28/08/2025,0.06725,5810.4
29/08/2025,0.0698,6030.72
30/08/2025,0.04766,4117.824
31/08/2025,0.03528,3048.192
01/09/2025,0.06872,5937.408
02/09/2025,0.08698,7515.072
03/09/2025,0.09502,8209.728
04/09/2025,0.01943,1678.752
05/09/2025,0.12112,10464.768
06/09/2025,0.07886,6813.504
07/09/2025,0.08405,7261.92
08/09/2025,0.08915,7702.56
09/09/2025,0.0805,6955.2
10/09/2025,0.08156,7046.784
11/09/2025,0.0717,6194.88
12/09/2025,0.06746,5828.544
13/09/2025,0.079,6825.6
14/09/2025,0.08685,7503.84
15/09/2025,0.05742,4961.088
16/09/2025,0.02053,1773.792
17/09/2025,0.01615,1395.36
18/09/2025,0.04054,3502.656
19/09/2025,0.05736,4955.904
20/09/2025,0.05785,4998.24
21/09/2025,0.08245,7123.68
22/09/2025,0.06821,5893.344
23/09/2025,0.05667,4896.288
24/09/2025,0.05935,5127.84
25/09/2025,0.04942,4269.888
26/09/2025,0.03147,2719.008
27/09/2025,0.0719,6212.16
28/09/2025,0.05426,4688.064
29/09/2025,0.07964,6880.896
30/09/2025,0.20144,17404.416
01/10/2025,0.17366,15004.224
02/10/2025,0.02698,2331.072
03/10/2025,0.02098,1812.672
04/10/2025,0.04886,4221.504
05/10/2025,0.03165,2734.56
06/10/2025,0.01956,1689.984
07/10/2025,0.02493,2153.952
08/10/2025,0.06854,5921.856
09/10/2025,0.84173,72725.472
10/10/2025,10.39872,898449.408
11/10/2025,10.71824,926055.936
12/10/2025,1.08871,94064.544
13/10/2025,1.01427,87632.928
14/10/2025,0.76259,65887.776
15/10/2025,0.60966,52674.624
16/10/2025,0.52105,45018.72
17/10/2025,0.70335,60769.44
18/10/2025,0.41407,35775.648
19/10/2025,0.41375,35748
20/10/2025,0.31844,27513.216
21/10/2025,0.26105,22554.72
22/10/2025,0.30987,26772.768
23/10/2025,0.35093,30320.352
24/10/2025,0.39995,34555.68
25/10/2025,0.2487,21487.68
26/10/2025,0.24759,21391.776
27/10/2025,0.21855,18882.72
28/10/2025,0.18618,16085.952
29/10/2025,0.17982,15536.448
30/10/2025,0.15494,13386.816
31/10/2025,0.20195,17448.48
01/11/2025,0.28243,24401.952
02/11/2025,0.21933,18950.112
03/11/2025,0.25616,22132.224
04/11/2025,0.22882,19770.048
05/11/2025,0.19617,16949.088
06/11/2025,0.1386,11975.04
07/11/2025,0.12338,10660.032
08/11/2025,0.13151,11362.464
09/11/2025,0.1427,12329.28
10/11/2025,0.15535,13422.24
11/11/2025,0.20125,17388
12/11/2025,0.13454,11624.256
13/11/2025,0.13884,11995.776
14/11/2025,0.09909,8561.376
15/11/2025,0.10548,9113.472
16/11/2025,0.12791,11051.424
17/11/2025,0.1439,12432.96
18/11/2025,0.13707,11842.848
19/11/2025,0.13665,11806.56
20/11/2025,0.13852,11968.128
21/11/2025,0.12027,10391.328
22/11/2025,0.13375,11556
23/11/2025,0.12708,10979.712
24/11/2025,0.15911,13747.104
25/11/2025,0.17428,15057.792
26/11/2025,0.15478,13372.992
27/11/2025,0.2064,17832.96
28/11/2025,0.2265,19569.6
29/11/2025,0.2255,19483.2
30/11/2025,0.20725,17906.4
01/12/2025,0.22856,19747.584
02/12/2025,0.22001,19008.864
03/12/2025,0.22786,19687.104
04/12/2025,0.21325,18424.8
05/12/2025,0.22266,19237.824
06/12/2025,0.22435,19383.84
07/12/2025,0.20657,17847.648
08/12/2025,0.20219,17469.216
09/12/2025,0.18084,15624.576
10/12/2025,0.18874,16307.136
11/12/2025,0.2014,17400.96
12/12/2025,0.20504,17715.456
13/12/2025,0.16212,14007.168
14/12/2025,0.21304,18406.656
15/12/2025,4.60812,398141.568
16/12/2025,0.92353,79792.992
17/12/2025,0.46649,40304.736
18/12/2025,0.43892,37922.688
19/12/2025,0.33133,28626.912
20/12/2025,0.34309,29642.976
21/12/2025,0.50413,43556.832
22/12/2025,0.38859,33574.176
23/12/2025,0.36631,31649.184
24/12/2025,0.36298,31361.472
25/12/2025,1.62387,140302.368
26/12/2025,1.08289,93561.696
27/12/2025,0.68012,58762.368
28/12/2025,0.57914,50037.696
29/12/2025,1.10604,95561.856
30/12/2025,0.8582,74148.48
31/12/2025,0.73413,63428.832
